{"lines":{"put":[3.197,3.954,"pʊt"],"класть":[467.927,468.606,""],"let":[9.788,10.571,"let"],"позволять":[11.492999999999999,12.245,""],"set":[16.549000000000003,17.411,"set"],"помещать":[17.824,18.529,""],"ставить":[19.025,19.686,""],"установить":[20.1,20.975,""],"spread":[25.779,26.797,"spred"],"распространять":[27.21,28.268,""],"read":[32.741,33.629,"riːd"],"читать":[34.079,34.704,""],"hit":[38.870000000000005,39.679,"hɪt"],"ударить":[130.69400000000002,131.359,""],"fit":[45.006,45.737,"fɪt"],"подходить":[46.223,46.958,""],"по":[47.424,47.795,""],"размеру":[48.22,48.931,""],"приспосабливать":[49.349,50.431,""],"shut":[54.804,55.692,"ʃʌt"],"закрывать":[56.139,56.889,""],"cut":[61.383,62.271,"kʌt"],"резать":[62.684,63.284,""],"cost":[67.838,68.752,"kɒst"],"стоить":[69.19800000000001,69.876,""],"hurt":[74.32600000000001,75.266,"hɜːt"],"причинить":[75.722,76.53,""],"боль":[76.908,77.378,""],"begin":[78.30099999999999,79.189,"bɪˈɡɪn"],"began":[80.101,81.041,"bɪˈɡæn"],"begun":[81.86500000000001,82.805,"bɪˈɡʌn"],"начинать":[83.219,83.96,""],"sing":[84.787,85.623,"sɪŋ"],"sang":[86.501,87.441,"sæŋ"],"sung":[88.301,89.163,"sʌŋ"],"петь":[89.575,90.034,""],"spring":[90.96900000000001,91.935,"sprɪŋ"],"sprang":[92.74300000000001,93.84,"spræŋ"],"sprung":[94.754,95.799,"sprʌŋ"],"вскочить":[96.219,96.937,""],"возникнуть":[97.386,98.261,""],"drink":[99.199,100.087,"drɪŋk"],"drank":[100.983,101.897,"dræŋk"],"drunk":[102.827,103.741,"drʌŋk"],"пить":[104.15299999999999,104.618,""],"fight":[105.517,106.3,"faɪt"],"fought":[108.80600000000001,109.537,"fɔːt"],"сражаться":[109.96499999999999,110.749,""],"find":[111.608,112.417,"faɪnd"],"found":[115.261,116.253,"faʊnd"],"находить":[116.697,117.352,""],"climb":[118.282,119.222,"klaɪm"],"clumb":[121.59400000000001,122.18,""],"карабкаться":[122.601,123.465,""],"взбираться":[123.9,124.775,""],"strike":[125.535,126.553,"straɪk"],"struck":[129.288,130.28,"strʌk"],"бить":[530.16,530.6,""],"бастовать":[132.664,133.451,""],"light":[134.277,135.113,"laɪt"],"lit":[137.611,138.447,"lɪt"],"зажигать":[138.918,139.672,""],"освещать":[140.085,140.899,""],"shoot":[141.70600000000002,142.62,"ʃuːt"],"shot":[145.323,146.237,"ʃɒt"],"стрелять":[146.65800000000002,147.413,""],"stand":[148.305,149.323,"stænd"],"stood":[151.977,152.943,"stʊd"],"стоять":[153.39600000000002,154.104,""],"understand":[154.971,156.224,"ˌʌndəˈstænd"],"understood":[159.04600000000002,160.169,"ˌʌndəˈstʊd"],"понимать":[160.57799999999997,161.253,""],"hang":[162.048,162.936,"hæŋ"],"hung":[165.653,166.489,"hæŋd"],"вешать":[166.944,167.617,""],"висеть":[168.016,168.709,""],"get":[169.604,170.387,"ɡet"],"got":[173.01,173.819,"ɡɒt"],"получать":[174.233,174.934,""],"становиться":[496.398,497.283,""],"добираться":[176.735,177.56,""],"win":[178.439,179.196,"wɪn"],"won":[181.74200000000002,182.525,"wʌn"],"выиграть":[182.966,183.657,""],"победить":[184.069,184.753,""],"stick":[185.655,186.569,"stɪk"],"stuck":[189.313,190.279,"stʌk"],"втыкать":[190.692,191.388,""],"укалывать":[191.812,192.625,""],"приклеивать":[193.035,193.829,""],"wind":[194.70499999999998,195.593,"wɪnd"],"wound":[198.133,198.995,"wuːnd"],"заводить":[199.436,200.173,""],"механизм":[200.558,201.394,""],"трубить":[201.805,202.487,""],"извиваться":[202.911,203.734,""],"sit":[204.51000000000002,205.372,"sɪt"],"sat":[208.146,209.112,"sæt"],"сидеть":[209.52,210.211,""],"meet":[211.049,211.937,"miːt"],"met":[214.64700000000002,215.561,"met"],"встречать":[216.011,216.795,""],"lead":[217.711,218.52,"liːd"],"led":[220.907,221.69,"led"],"вести":[222.14999999999998,222.807,""],"feed":[223.718,224.606,"fiːd"],"fed":[227.12,227.903,"fed"],"кормить":[228.312,228.949,""],"speed":[229.864,230.882,"spiːd"],"sped":[233.59900000000002,234.591,"sped"],"ускорять":[235.041,235.815,""],"спешить":[236.271,236.962,""],"мчатся":[237.386,238.096,""],"проносится":[238.52700000000002,239.454,""],"hold":[240.34699999999998,241.313,"həʊld"],"held":[244.136,245.076,"held"],"держать":[392.894,393.576,""],"can":[247.11,247.841,"kæn"],"could":[250.241,250.894,"kəd"],"мочь":[287.659,288.233,""],"уметь":[252.292,252.847,""],"tell":[253.723,254.506,"tel"],"told":[257.057,257.945,"təʊld"],"рассказывать":[258.363,259.258,""],"sell":[260.17199999999997,260.981,"sel"],"sold":[263.599,264.565,"səʊld"],"торговать":[265.01899999999995,265.751,""],"продавать":[266.161,266.861,""],"shoe":[267.659,268.495,"ʃuː"],"shod":[270.99100000000004,271.879,"ʃɒd"],"обувать":[272.289,272.888,""],"подковывать":[273.34499999999997,274.162,""],"hear":[275.09999999999997,275.883,"hɪə(r)"],"heard":[278.717,279.709,"hɜːd"],"слышать":[280.126,280.794,""],"услышать":[281.255,281.976,""],"may":[282.871,283.68,"meɪ"],"might":[286.24699999999996,287.239,"maɪt"],"иметь":[439.307,439.934,""],"возможность":[289.649,290.57,""],"buy":[291.50399999999996,292.313,"baɪ"],"bought":[294.78,295.642,"bɔːt"],"купить":[296.093,296.718,""],"catch":[297.642,298.634,"kætʃ"],"caught":[301.472,302.438,"kɔːt"],"ловить":[302.905,303.488,""],"хватать":[303.91200000000003,304.641,""],"lose":[305.534,306.396,"luːz"],"lost":[309.025,309.965,"lɒst"],"терять":[310.384,310.946,""],"think":[311.883,312.745,"θɪŋk"],"thought":[315.569,316.535,"θɔːt"],"думать":[316.94800000000004,317.547,""],"seek":[318.408,319.348,"siːk"],"sought":[322.247,323.265,"sɔːt"],"искать":[323.68,324.312,""],"bring":[325.24199999999996,326.051,"brɪŋ"],"brought":[328.675,329.641,"brɔːt"],"приносить":[330.06399999999996,330.806,""],"teach":[331.729,332.695,"tiːtʃ"],"taught":[335.465,336.405,"tɔːt"],"учить":[475.58099999999996,476.176,""],"обучать":[337.813,338.513,""],"преподавать":[338.967,339.776,""],"leave":[340.67100000000005,341.559,"liːv"],"left":[344.479,345.524,"left"],"оставить":[345.962,346.69,""],"уйти":[347.108,347.635,""],"feel":[348.452,349.235,"fiːl"],"felt":[351.86699999999996,352.703,"felt"],"чувствовать":[353.155,353.952,""],"deal":[354.864,355.726,"diːl"],"dealt":[358.5,359.414,"delt"],"дело":[360.782,361.33,""],"mean":[362.12600000000003,363.04,"miːn"],"meant":[365.78999999999996,366.756,"ment"],"означать":[367.207,367.919,""],"в":[369.34799999999996,369.859,""],"виду":[370.267,370.768,""],"lean":[371.66999999999996,372.479,"liːn"],"leant":[375.33799999999997,376.33,"lent"],"опираться":[376.747,377.551,""],"прислоняться":[377.966,378.906,""],"dream":[379.829,380.769,"driːm"],"dreamt":[383.266,383.942,""],"видеть":[633.7389999999999,634.343,""],"сны":[385.383,385.873,""],"мечтать":[386.29,387.035,""],"keep":[387.861,388.723,"kiːp"],"kept":[391.533,392.447,"kept"],"хранить":[394.028,394.654,""],"sleep":[395.54200000000003,396.482,"sliːp"],"slept":[399.161,400.179,"slept"],"спать":[400.59299999999996,401.193,""],"spend":[402.08200000000005,403.1,"spend"],"spent":[405.852,406.897,"spent"],"тратить":[407.351,407.963,""],"проводить":[408.405,409.102,""],"время":[409.46,410.034,""],"send":[410.918,411.858,"send"],"sent":[414.63899999999995,415.631,"sent"],"посылать":[415.993,416.829,""],"присылать":[417.28200000000004,418.107,""],"отправлять":[418.514,419.348,""],"отсылать":[419.79900000000004,420.607,""],"build":[421.55199999999996,422.361,"bɪld"],"built":[425.055,425.891,"bɪlt"],"строить":[426.337,427.037,""],"have":[427.953,428.762,"həv"],"had":[438.307,438.934,"həd"],"обладать":[440.406,441.142,""],"has":[435.00199999999995,435.811,"həz"],"say":[442.04499999999996,442.907,"seɪ"],"said":[445.366,446.228,"sed"],"сказать":[446.63599999999997,447.337,""],"make":[448.22099999999995,449.03,"meɪk"],"made":[451.709,452.597,"meɪd"],"делать":[564.4639999999999,565.117,""],"производить":[454.016,454.822,""],"заставлять":[455.23199999999997,456.077,""],"pay":[456.968,457.725,"peɪ"],"paid":[460.175,461.011,"peɪd"],"платить":[461.429,462.167,""],"lay":[580.117,580.9,"leɪ"],"laid":[466.579,467.519,"leɪd"],"learn":[469.484,470.32,"lɜːn"],"learnt":[473.061,474.001,"lɜːnt"],"изучать":[474.481,475.177,""],"узнавать":[476.668,477.391,""],"burn":[478.337,479.199,"bɜːn"],"burnt":[482.005,482.919,"bɜːnt"],"жечь":[483.337,483.896,""],