{"lines":{"prepare":[0.8919999999999999,1.884,"prɪˈpeə(r)"],"подготовить":[2.832,3.79,""],"rotate":[4.714,5.732,"rəʊˈteɪt"],"вращаться":[6.654,7.467,""],"shake":[8.367,9.307,"ʃeɪk"],"трясти":[10.219000000000001,10.912,""],"go in":[11.805,12.442,"ɡəʊ ɪn"],"входить":[13.409,14.064,""],"reach":[14.913,15.879,"riːtʃ"],"достигать":[80.77600000000001,81.561,""],"run":[18.465,19.301,"rʌn"],"бежать":[20.252,20.831,""],"float":[21.778,22.535,"fləʊt"],"не тонуть":[23.464000000000002,24.193,""],"put off":[25.070999999999998,25.708,"pʊt ɒf"],"откладывать":[154.637,155.445,""],"drown":[28.423,29.441,"draʊn"],"тонуть":[30.363999999999997,30.958,""],"crawl":[31.683,32.728,"krɔːl"],"ползти":[116.545,117.174,""],"advance":[35.21,36.359,"ədˈvɑːns"],"продвигаться":[37.306,38.168,""],"ski":[39.077000000000005,39.965,"skiː"],"кататься на лыжах":[40.882,42.025,""],"climb":[42.955000000000005,43.895,"klaɪm"],"взбираться":[44.83,45.705,""],"be late":[46.588,47.334,"bi leɪt"],"опаздывать":[48.246,49.06,""],"continue":[49.985,51.03,"kənˈtɪnjuː"],"Продолжать":[51.988,52.769,""],"leave":[53.664,54.552,"liːv"],"отправляться":[84.54700000000001,85.546,""],"bend":[57.417,58.226,"bend"],"гнуть":[59.154,59.694,""],"interrupt":[60.641000000000005,61.816,"ˌɪntəˈrʌpt"],"прерывание":[62.739999999999995,63.535,""],"raise":[64.411,65.403,"reɪz"],"поднимать":[143.811,144.535,""],"finish":[67.909,68.64,"ˈfɪnɪʃ"],"Конец":[69.598,70.226,""],"enter":[71.164,72.052,"ˈentə(r)"],"входить, вводить":[72.99900000000001,74.382,""],"catch":[75.306,76.298,"kætʃ"],"поймать":[77.208,77.816,""],"attain":[78.74199999999999,79.865,"əˈteɪn"],"depart":[82.5,83.623,"dɪˈpɑːt"],"flow":[86.452,87.235,"fləʊ"],"течь":[88.16199999999999,88.642,""],"suspend":[89.584,90.733,"səˈspend"],"приостановить":[91.642,92.639,""],"come across":[93.549,94.549,"kʌm əˈkrɒs"],"встречаться":[95.481,96.389,""],"grow":[97.325,98.134,"ɡrəʊ"],"расти":[99.092,99.684,""],"last":[100.594,101.586,"lɑːst"],"последний":[102.46600000000001,103.328,""],"pass":[104.12599999999999,105.014,"pɑːs"],"проходить мимо":[105.948,106.878,""],"sink":[107.819,108.837,"sɪŋk"],"погружаться":[234.336,235.21,""],"lower":[111.511,112.294,"ˈləʊə(r)"],"опускать":[113.20700000000001,113.992,""],"creep":[114.73400000000001,115.596,"kriːp"],"come":[118.09,118.873,"kʌm"],"приехать":[119.792,120.541,""],"take":[121.44900000000001,122.311,"teɪk"],"принимать":[123.233,123.946,""],"brake":[124.864,125.778,"breɪk"],"тормозить":[126.72000000000001,127.433,""],"delay":[128.334,129.3,"dɪˈleɪ"],"задержка":[130.22299999999998,131.003,""],"stop":[131.911,132.642,"stɒp"],"стоп":[133.54999999999998,134.004,""],"go along":[134.90800000000002,135.686,"ɡəʊ əˈlɒŋ"],"идти вдоль":[136.61,137.399,""],"slide":[138.328,139.425,"slaɪd"],"скользить":[140.332,141.202,""],"lift":[142.069,142.905,"lɪft"],"skate":[145.369,146.361,"skeɪt"],"кататься на коньках":[147.299,148.578,""],"drive":[149.52100000000002,150.435,"draɪv"],"гнать":[151.34900000000002,151.853,""],"postpone":[152.632,153.65,"pəˈspəʊn"],"begin":[156.368,157.256,"bɪˈɡɪn"],"начать":[158.20999999999998,158.819,""],"swim":[159.71300000000002,160.627,"swɪm"],"плыть":[161.55599999999998,162.063,""],"become":[162.981,163.921,"bɪˈkʌm"],"стали":[164.849,165.426,""],"drop":[166.35999999999999,167.039,"drɒp"],"ронять, падать":[167.95499999999998,169.291,""],"ascend":[170.223,171.268,"əˈsend"],"восходить":[172.251,173.035,""],"sail":[173.861,174.749,"seɪl"],"идти под парусом":[175.669,176.762,""],"catch up":[177.674,178.342,"kætʃ ʌp"],"догонять":[179.249,180.043,""],"roll":[180.901,181.946,"rəʊl"],"катить":[182.878,183.528,""],"go on":[184.44500000000002,185.187,"ɡəʊ ɒn"],"продолжай":[186.136,186.962,""],"flee":[187.909,188.666,"fliː"],"спасаться бегством":[189.616,190.931,""],"turn":[191.837,192.646,"tɜːn"],"поворачивать":[193.568,194.49,""],"ride":[195.416,196.408,"raɪd"],"скакать, ехать":[197.34199999999998,198.797,""],"wave":[199.604,200.544,"weɪv"],"махать рукой":[201.452,202.404,""],"pursue":[203.263,204.177,"pəˈsjuː"],"преследовать":[205.088,205.92,""],"fall":[206.832,207.668,"fɔːl"],"падать":[208.576,209.147,""],"turn left":[210.022,210.987,"tɜːn left"],"повернутьналево":[211.967,213.038,""],"arrive":[213.95700000000002,214.949,"əˈraɪv"],"прибывать":[215.905,216.607,""],"repeat":[217.53,218.705,"rɪˈpiːt"],"повторение":[219.62400000000002,220.449,""],"get":[221.345,222.128,"ɡet"],"получить,становиться":[223.052,224.738,""],"end":[225.664,226.5,"end"],"конец":[227.45800000000003,228.086,""],"row":[228.993,229.855,"rəʊ"],"грести":[230.79600000000002,231.455,""],"dive":[232.399,233.417,"daɪv"],"escape":[236.107,237.073,"ɪˈskeɪp"],"убежать":[238.019,238.673,""],"resume":[239.537,240.66,"rɪˈzjuːm"],"продолжить":[241.568,242.383,""],"descend":[243.317,244.362,"dɪˈsend"],"сходить":[245.302,245.94,""],"move":[246.832,247.694,"muːv"],"двигать":[248.605,249.221,""],"speed up":[250.129,250.946,"spiːd ʌp"],"ускорять":[251.895,252.669,""],"break":[253.606,254.468,"breɪk"],"ломать":[255.371,255.978,""],"leave behind":[256.873,257.92,"liːv bɪˈhaɪnd"],"оставлять позади":[258.889,260.05,""],"start":[260.969,262.04,"stɑːt"],"Начало":[262.96799999999996,263.686,""],"go":[264.59499999999997,265.352,"ɡəʊ"],"идти, ехать":[266.322,267.569,""],"cross":[268.217,269.209,"krɒs"],"пересекать":[270.115,270.928,""],"follow":[271.81899999999996,272.602,"ˈfɒləʊ"],"следовать":[273.517,274.339,""],"surpass":[275.26599999999996,276.467,"səˈpɑːs"],"перегонять":[277.37800000000004,278.153,""],"appear":[279.08000000000004,279.994,"əˈpɪə(r)"],"появиться":[280.914,281.717,""],"swing":[282.674,283.64,"swɪŋ"],"раскачиваться":[284.585,285.645,""],"slow down":[286.581,287.38,"sləʊ daʊn"],"замедлять":[288.313,289.188,""],"fly":[290.116,290.925,"flaɪ"],"лететь":[291.839,292.484,""],"cease":[293.413,294.51,"siːs"],"прекращение":[295.432,296.408,""],"plunge":[297.25,298.19,"plʌndʒ"],"нырять, окунаться":[299.109,300.635,""],"meet":[301.47400000000005,302.362,"miːt"],"встречать":[303.312,304.096,""],"go out":[304.969,305.735,"ɡəʊ aʊt"],"выходить":[306.68100000000004,307.362,""],"emerge":[308.32,309.443,"iˈmɜːdʒ"],"всплывать":[310.384,311.127,""],"avoid":[312.056,313.101,"əˈvɔɪd"],"избегать":[314.083,314.831,""],"complete":[315.778,316.875,"kəmˈpliːt"],"полный":[317.78200000000004,318.41,""],"rise":[319.345,320.468,"raɪz"],"подниматься":[321.43399999999997,322.299,""],"hurry":[323.23199999999997,324.068,"ˈhʌri"],"спешить":[325.024,325.715,""],"run into":[326.62600000000003,327.437,"rʌn ˈɪntə"],"врезаться в":[328.366,329.192,""],"walk":[330.098,330.986,"wɔːk"],"идти, гулять":[331.962,333.197,""],"return":[334.08700000000005,335.105,"rɪˈtɜːn"],"возвращаться":[336.026,337.002,""]},"sound_url":"https://raw.githubusercontent.com/ellsworth-vinson/audio/master/dictionary/litvinov.3000/litvinov.3000.br.aac","version":"0.0.1"}