{"lines":{"prepare":[0.8900000000000001,1.856,"prɪˈper"],"подготовить":[2.8049999999999997,3.763,""],"rotate":[4.674,5.562,"ˈroʊteɪt"],"вращаться":[6.484,7.297,""],"shake":[8.212,9.1,"ʃeɪk"],"трясти":[10.013,10.706,""],"go in":[11.591000000000001,12.22,"ɡoʊ ɪn"],"входить":[13.187000000000001,13.842,""],"reach":[14.683,15.597,"riːtʃ"],"достигать":[80.068,80.853,""],"run":[18.206,19.015,"rʌn"],"бежать":[19.967,20.546,""],"float":[21.409,22.349,"floʊt"],"не тонуть":[23.277,24.006,""],"put off":[24.898,25.593,"pʊt ɔːf"],"откладывать":[153.961,154.769,""],"drown":[28.23,29.17,"draʊn"],"тонуть":[30.093999999999998,30.688,""],"crawl":[31.583,32.497,"krɔːl"],"ползти":[115.729,116.358,""],"advance":[34.900999999999996,36.05,"ədˈvæns"],"продвигаться":[36.997,37.859,""],"ski":[38.784,39.75,"skiː"],"кататься на лыжах":[40.666,41.809,""],"climb":[42.736000000000004,43.728,"klaɪm"],"взбираться":[44.663,45.538,""],"be late":[46.477000000000004,47.148,"bi leɪt"],"опаздывать":[48.06,48.874,""],"continue":[49.769000000000005,50.84,"kənˈtɪnjuː"],"Продолжать":[51.798,52.579,""],"leave":[53.479,54.288,"liːv"],"отправляться":[83.646,84.645,""],"bend":[57.04,57.98,"bend"],"гнуть":[58.909,59.449,""],"interrupt":[60.309000000000005,61.38,"ˌɪntəˈrʌpt"],"прерывание":[62.303999999999995,63.099,""],"raise":[63.92700000000001,64.867,"reɪz"],"поднимать":[143.014,143.738,""],"finish":[67.344,68.336,"ˈfɪnɪʃ"],"Конец":[69.294,69.922,""],"enter":[70.792,71.654,"ˈentər"],"входить, вводить":[72.60000000000001,73.983,""],"catch":[74.84400000000001,75.706,"kætʃ"],"поймать":[76.615,77.223,""],"attain":[78.112,79.157,"əˈteɪn"],"depart":[81.72999999999999,82.722,"dɪˈpɑːrt"],"flow":[85.537,86.503,"floʊ"],"течь":[87.429,87.909,""],"suspend":[88.66900000000001,89.766,"səˈspend"],"приостановить":[90.676,91.673,""],"come across":[92.562,93.492,"kʌm əˈkrɔːs"],"встречаться":[94.425,95.333,""],"grow":[96.19300000000001,97.055,"ɡroʊ"],"расти":[98.013,98.605,""],"last":[99.45100000000001,100.548,"læst"],"последний":[101.42800000000001,102.29,""],"pass":[103.144,104.215,"pæs"],"проходить мимо":[105.14899999999999,106.079,""],"sink":[106.93900000000001,107.775,"sɪŋk"],"погружаться":[232.913,233.787,""],"lower":[110.382,111.348,"ˈloʊər"],"опускать":[112.26100000000001,113.046,""],"creep":[113.944,114.78,"kriːp"],"come":[117.227,118.063,"kʌm"],"приехать":[118.982,119.731,""],"take":[120.623,121.459,"teɪk"],"принимать":[122.382,123.095,""],"brake":[123.908,124.744,"breɪk"],"тормозить":[125.686,126.399,""],"delay":[127.31,128.198,"dɪˈleɪ"],"задержка":[129.121,129.901,""],"stop":[130.804,131.692,"stɑːp"],"стоп":[132.6,133.054,""],"go along":[133.92600000000002,134.745,"ɡoʊ əˈlɑːŋ"],"идти вдоль":[135.668,136.457,""],"slide":[137.342,138.387,"slaɪd"],"скользить":[139.29399999999998,140.164,""],"lift":[141.06400000000002,142.109,"lɪft"],"skate":[144.637,145.551,"skeɪt"],"кататься на коньках":[146.489,147.768,""],"drive":[148.693,149.555,"draɪv"],"гнать":[150.46900000000002,150.973,""],"postpone":[151.87699999999998,152.974,"poʊˈspoʊn"],"begin":[155.588,156.528,"bɪˈɡɪn"],"начать":[157.482,158.091,""],"swim":[158.876,159.842,"swɪm"],"плыть":[160.771,161.278,""],"become":[162.21300000000002,163.127,"bɪˈkʌm"],"стали":[164.055,164.632,""],"drop":[165.52599999999998,166.362,"drɑːp"],"ронять, падать":[167.278,168.614,""],"ascend":[169.479,170.524,"əˈsend"],"восходить":[171.507,172.291,""],"sail":[173.187,174.101,"seɪl"],"идти под парусом":[175.02100000000002,176.114,""],"catch up":[177.00900000000001,177.727,"kætʃ ʌp"],"догонять":[178.634,179.428,""],"roll":[180.33399999999997,181.17,"roʊl"],"катить":[182.102,182.752,""],"go on":[183.64,184.32,"ɡoʊ ɑːn"],"продолжай":[185.269,186.095,""],"flee":[186.952,187.944,"fliː"],"спасаться бегством":[188.894,190.209,""],"turn":[191.089,191.977,"tɜːrn"],"поворачивать":[192.899,193.821,""],"ride":[194.681,195.673,"raɪd"],"скакать, ехать":[196.607,198.062,""],"wave":[198.939,199.827,"weɪv"],"махать рукой":[200.735,201.687,""],"pursue":[202.63,203.596,"pərˈsuː"],"преследовать":[204.507,205.339,""],"fall":[206.254,207.063,"fɔːl"],"падать":[207.971,208.542,""],"turn left":[209.43099999999998,210.261,"tɜːrn left"],"повернутьналево":[211.241,212.312,""],"arrive":[213.115,214.16,"əˈraɪv"],"прибывать":[215.115,215.817,""],"repeat":[216.727,217.798,"rɪˈpiːt"],"повторение":[218.717,219.542,""],"get":[220.386,221.143,"ɡet"],"получить,становиться":[222.06699999999998,223.753,""],"end":[224.581,225.39,"end"],"конец":[226.348,226.976,""],"row":[227.84699999999998,228.683,"roʊ"],"грести":[229.62300000000002,230.282,""],"dive":[231.185,231.994,"daɪv"],"escape":[234.703,235.669,"ɪˈskeɪp"],"убежать":[236.615,237.269,""],"resume":[238.174,239.192,"rɪˈzuːm"],"продолжить":[240.099,240.914,""],"descend":[241.82299999999998,242.789,"dɪˈsend"],"сходить":[243.72899999999998,244.367,""],"move":[245.194,246.212,"muːv"],"двигать":[247.124,247.74,""],"speed up":[248.617,249.379,"spiːd ʌp"],"ускорять":[250.328,251.102,""],"break":[251.919,252.702,"breɪk"],"ломать":[253.604,254.211,""],"leave behind":[255.096,256.065,"liːv bɪˈhaɪnd"],"оставлять позади":[257.034,258.195,""],"start":[259.091,260.057,"stɑːrt"],"Начало":[260.98499999999996,261.703,""],"go":[262.49199999999996,263.354,"ɡoʊ"],"идти, ехать":[264.324,265.571,""],"cross":[266.4,267.366,"krɔːs"],"пересекать":[268.272,269.085,""],"follow":[269.91700000000003,270.935,"ˈfɑːloʊ"],"следовать":[271.851,272.673,""],"surpass":[273.396,274.623,"sərˈpæs"],"перегонять":[275.533,276.308,""],"appear":[277.17100000000005,278.189,"əˈpɪr"],"появиться":[279.109,279.912,""],"swing":[280.655,281.726,"swɪŋ"],"раскачиваться":[282.671,283.731,""],"slow down":[284.61699999999996,285.491,"sloʊ daʊn"],"замедлять":[286.425,287.3,""],"fly":[288.152,289.092,"flaɪ"],"лететь":[290.00600000000003,290.651,""],"cease":[291.58799999999997,292.633,"siːs"],"прекращение":[293.555,294.531,""],"plunge":[295.31600000000003,296.439,"plʌndʒ"],"нырять, окунаться":[297.358,298.884,""],"meet":[299.74699999999996,300.609,"miːt"],"встречать":[301.559,302.343,""],"go out":[303.234,303.967,"ɡoʊ aʊt"],"выходить":[304.91400000000004,305.595,""],"emerge":[306.44,307.589,"iˈmɜːrdʒ"],"всплывать":[308.53000000000003,309.273,""],"avoid":[310.126,311.197,"əˈvɔɪd"],"избегать":[312.17900000000003,312.927,""],"complete":[313.789,314.781,"kəmˈpliːt"],"полный":[315.689,316.317,""],"rise":[317.097,318.089,"raɪz"],"подниматься":[319.056,319.921,""],"hurry":[320.85499999999996,321.638,"ˈhɜːri"],"спешить":[322.59400000000005,323.285,""],"run into":[324.192,325.033,"rʌn ˈɪntə"],"врезаться в":[325.962,326.788,""],"walk":[327.696,328.61,"wɔːk"],"идти, гулять":[329.586,330.821,""],"return":[331.64500000000004,332.663,"rɪˈtɜːrn"],"возвращаться":[333.584,334.56,""]},"sound_url":"https://raw.githubusercontent.com/ellsworth-vinson/audio/master/dictionary/litvinov.3000/litvinov.3000.am.aac","version":"0.0.1"}