{"lines":{"dancing":[0.9380000000000002,1.983,"ˈdɑːnsɪŋ"],"танцы":[2.904,3.503,""],"practice":[4.422000000000001,5.519,"ˈpræktɪs"],"практиковаться, упражняться":[6.451,8.552,""],"camping":[9.495000000000001,10.435,"ˈkæmpɪŋ"],"кемпинг":[11.388,12.189,""],"snowboarding":[13.055,14.361,"ˈsnəʊbɔːdɪŋ"],"катание на сноуборде":[15.311,16.767,""],"resent":[17.615000000000002,18.66,"rɪˈzent"],"негодовать, возмущаться":[19.581,21.494,""],"mountain climbing":[22.394000000000002,23.538,"ˈmaʊntən ˈklaɪmɪŋ"],"скалолазание":[24.471999999999998,25.467,""],"habit [of]":[26.407,27.243,"ˈhæbɪt"],"привычка":[28.163,28.904,""],"content with":[29.816,30.703,"ˈkɒntent wɪð"],"довольный":[31.616000000000003,32.362,""],"appreciate":[33.192,34.367,"əˈpriːʃieɪt"],"ценить, быть благодарным":[35.288,37.175,""],"terrified of":[38.049,38.952,"əv"],"ужасаться, быть в ужасе":[39.913,41.921,""],"hate":[42.739000000000004,43.627,"heɪt"],"не любить, ненавидеть":[44.567,46.272,""],"hunting":[47.058,48.076,"ˈhʌntɪŋ"],"охота":[49.032,49.617,""],"shopping":[50.532000000000004,51.524,"ˈʃɒpɪŋ"],"поход по магазинам":[52.495000000000005,53.825,""],"bored of":[54.702999999999996,55.297,"bɔːd əv"],"скучающий":[56.214,57.195,""],"deny":[58.107,59.099,"dɪˈnaɪ"],"отрицать":[60.012,60.865,""],"understand":[61.732,62.985,"ˌʌndəˈstænd"],"понимать":[63.894000000000005,64.569,""],"kayaking":[65.501,66.702,"ˈkaɪækɪŋ"],"каякинг":[67.637,68.423,""],"require":[69.352,70.37,"rɪˈkwaɪə(r)"],"требовать, требоваться, быть необходимым":[71.315,74.178,""],"concerned about":[75.086,76.246,"kənˈsɜːnd əˈbaʊt"],"озабоченный, взволнованный":[77.185,79.181,""],"propose":[80.11,81.285,"prəˈpəʊz"],"предлагать":[242.18099999999998,242.974,""],"dedicated to":[83.97300000000001,85.034,"tuː"],"преданный, посвященный":[85.937,87.734,""],"canoeing":[88.59400000000001,89.403,"kəˈnuːɪŋ"],"гребля":[428.40299999999996,429.051,""],"belief [in]":[91.9,92.683,"bɪˈliːf"],"вера в":[93.60400000000001,94.18,""],"known for":[95.095,95.821,"nəʊn fɔː(r)"],"известный":[96.731,97.521,""],"delay":[98.42200000000001,99.388,"dɪˈleɪ"],"задерживать":[100.30000000000001,101.18,""],"stop":[102.089,102.82,"stɒp"],"прекращать, заканчивать, завершать":[103.73,106.462,""],"dedication [to]":[107.379,108.58,"ˌdedɪˈkeɪʃn"],"преданность, посвященность":[109.483,111.409,""],"responsible for":[112.319,113.593,"rɪˈspɒnsəbl fɔː(r)"],"ответственный за":[114.541,115.574,""],"fond of":[116.475,117.157,"əv"],"любить, нравиться":[380.267,381.756,""],"capable of":[120.445,121.324,"ˈkeɪpəbl əv"],"способный на":[122.28,123.288,""],"begin":[124.211,125.099,"bɪˈɡɪn"],"начинать":[559.327,560.068,""],"love":[127.61500000000001,128.477,"lʌv"],"любить, обожать":[129.387,130.805,""],"skydiving":[131.63,132.988,"ˈskaɪdaɪvɪŋ"],"затяжные прыжки с парашютом":[133.909,135.715,""],"scared of":[136.61800000000002,137.371,"skeəd əv"],"испуганный, напуганный, бояться":[303.91900000000004,306.583,""],"tired from":[141.865,142.823,"ˈtaɪəd frəm"],"усталый от, утомленный":[143.729,145.488,""],"report [on]":[146.411,147.586,"rɪˈpɔːt"],"доклад на, сообщение на":[148.512,150.547,""],"interested in":[151.426,152.51,"ˈɪntrestɪd ɪn"],"заинтересованный в":[153.42600000000002,154.699,""],"jogging":[155.481,156.421,"ˈdʒɒɡɪŋ"],"бег трусцой":[157.362,158.489,""],"horseback riding":[159.181,160.619,"ˈraɪdɪŋ"],"верховая езда":[161.586,162.639,""],"enjoy":[163.586,164.526,"ɪnˈdʒɔɪ"],"получать удовольствие, наслаждаться":[165.446,167.89,""],"delay [in]":[168.791,169.757,"dɪˈleɪ"],"задержка в":[170.67499999999998,171.57,""],"recommend":[172.454,173.525,"ˌrekəˈmend"],"рекомендовать, советовать":[174.444,176.339,""],"preference [for]":[177.166,178.446,"ˈprefrəns"],"предпочтение":[179.409,180.4,""],"mention":[181.228,182.246,"ˈmenʃn"],"упоминать":[183.191,183.966,""],"windsurfing":[184.78699999999998,186.093,"ˈwɪndsɜːfɪŋ"],"виндсерфинг":[187.01999999999998,188.058,""],"encourage":[188.99699999999999,190.146,"ɪnˈkʌrɪdʒ"],"поощрять, одобрять":[191.062,192.637,""],"recall":[193.514,194.506,"rɪˈkɔːl"],"вспоминать, воскрешать":[195.411,197.209,""],"talent [for]":[198.10500000000002,199.097,"ˈtælənt"],"талант к":[200.012,200.871,""],"discouraged by":[201.78400000000002,203.026,"baɪ"],"обескураженный, расхалаженный":[203.977,206.117,""],"involved in":[206.98600000000002,207.984,"ɪnˈvɒlvd ɪn"],"вовлеченный в, впутанный в":[208.915,210.881,""],"mind":[211.716,212.761,"maɪnd"],"возражать, быть против":[213.677,215.535,""],"window shopping":[216.416,217.414,"ˈwɪndəʊ ˈʃɒpɪŋ"],"рассматривание ветрин":[218.344,219.804,""],"skiing":[220.737,221.886,"ˈskiːɪŋ"],"горнолыжный спорт":[222.798,224.183,""],"reputation [for]":[225.09,226.291,"ˌrepjuˈteɪʃn"],"репутация за":[227.22299999999998,228.271,""],"excited about":[229.17800000000003,230.306,"əˈbaʊt"],"взволнованный":[231.216,232.172,""],"proud of":[233.039,233.762,"praʊd əv"],"гордый":[234.684,235.28,""],"hiking":[236.205,237.223,"ˈhaɪkɪŋ"],"пеший туризм":[238.17000000000002,239.08,""],"suggest":[240.02200000000002,241.223,"səˈdʒest"],"involve":[243.911,245.034,"ɪnˈvɒlv"],"подразумевать, предполагать":[245.977,247.948,""],"experience [in]":[248.872,250.204,"ɪkˈspɪəriəns"],"опыт в":[251.13,251.917,""],"worried about":[252.76000000000002,253.842,"ˈwʌrid əˈbaʊt"],"волнующийся о, беспокоящийся о":[254.75300000000001,257.548,""],"regret [for]":[258.448,259.493,"rɪˈɡret"],"сожаление о, раскаяние за":[260.411,262.611,""],"happy about":[263.502,264.451,"ˈhæpi əˈbaʊt"],"счастливый, довольный, радостный":[265.363,267.932,""],"responsibility [for]":[268.82000000000005,270.309,"rɪˌspɒnsəˈbɪləti"],"ответственность за":[271.258,272.366,""],"recollect":[273.236,274.437,"ˌrekəˈlekt"],"вспоминать, припоминать":[275.344,277.0,""],"process [of]":[277.879,279.028,"ˈprəʊses"],"процесс, ход, течение":[279.97200000000004,282.076,""],"cease":[283.005,284.102,"siːs"],"приостанавливать, прекращать":[285.006,286.976,""],"quit":[287.82300000000004,288.737,"kwɪt"],"переставать, прекращать, бросать":[289.685,292.162,""],"skateboarding":[292.97700000000003,294.309,"ˈskeɪtbɔːdɪŋ"],"скейтбординга":[295.22900000000004,296.384,""],"complete":[297.33000000000004,298.427,"kəmˈpliːt"],"заканчивать, завершать":[358.38,360.181,""],"frightened of":[302.079,302.961,"ˈfraɪtnd əv"],"discuss":[307.497,308.672,"dɪˈskʌs"],"обсуждать":[309.63300000000004,310.425,""],"can't stand":[311.384,312.41,"kɑːnt stænd"],"не выносить, не терпеть":[588.6400000000001,590.349,""],"devotion [to]":[315.92199999999997,316.993,"dɪˈvəʊʃn"],"преданность":[317.948,318.784,""],"prefer":[319.658,320.676,"prɪˈfɜː(r)"],"предпочитать":[321.58799999999997,322.525,""],"surfing":[323.355,324.373,"ˈsɜːfɪŋ"],"серфинг":[325.282,326.198,""],"dislike":[327.08,328.151,"dɪsˈlaɪk"],"не любить, не нравиться":[329.08700000000005,330.79,""],"can't help":[331.74600000000004,332.675,"kɑːnt help"],"не избежать, не удержаться":[333.589,335.662,""],"bowling":[336.58099999999996,337.443,"ˈbəʊlɪŋ"],"боулинг":[338.349,339.029,""],"advantage [of]":[339.968,341.274,"ədˈvɑːntɪdʒ"],"преимущество":[342.24,343.206,""],"scuba diving":[344.116,345.265,"ˈdaɪvɪŋ"],"подводное плавание с аквалангом":[346.26099999999997,348.304,""],"continue":[349.229,350.274,"kənˈtɪnjuː"],"продолжать":[351.23199999999997,352.013,""],"interest [in]":[352.91799999999995,353.989,"ˈɪntrəst"],"интерес в":[354.899,355.82,""],"finish":[356.697,357.428,"ˈfɪnɪʃ"],"consider":[361.096,362.062,"kənˈsɪdə(r)"],"рассматривать, обдумывать":[362.989,364.784,""],"climbing":[365.60200000000003,366.62,"ˈklaɪmɪŋ"],"альпинизм":[367.537,368.301,""],"sightseeing":[369.125,370.326,"ˈsaɪtsiːɪŋ"],"осмотр достопримечательностей":[371.25,373.319,""],"need":[374.217,374.948,"niːd"],"нуждаться, требоваться":[375.91,377.641,""],"like":[378.539,379.348,"laɪk"],"resist":[382.673,383.665,"rɪˈzɪst"],"воздержаться":[384.613,385.537,""],"guilty of":[386.413,387.2,"ˈɡɪlti əv"],"виновный в":[388.128,389.072,""],"snorkeling":[390.028,390.937,""],"подводное плавание":[391.851,393.16,""],"anxious about":[394.027,395.099,"ˈæŋkʃəs əˈbaʊt"],