{"lines":{"process of":[0.8660000000000001,1.814,"ˈprəʊses əv"],"процесс, ход, течение":[2.758,4.862,""],"dancing":[5.8,6.845,"ˈdɑːnsɪŋ"],"танцы":[7.766,8.365,""],"practice":[9.284,10.381,"ˈpræktɪs"],"практиковаться, упражняться":[11.312999999999999,13.414,""],"camping":[14.357000000000001,15.297,"ˈkæmpɪŋ"],"кемпинг":[16.25,17.051,""],"snowboarding":[17.916999999999998,19.223,"ˈsnəʊbɔːdɪŋ"],"катание на сноуборде":[20.173000000000002,21.629,""],"resent":[22.476999999999997,23.522,"rɪˈzent"],"негодовать, возмущаться":[24.443,26.356,""],"advantage of":[27.232999999999997,28.249,"ədˈvɑːntɪdʒ əv"],"преимущество":[29.215,30.181,""],"mountain climbing":[31.082,32.226,"ˈmaʊntən ˈklaɪmɪŋ"],"скалолазание":[33.159000000000006,34.154,""],"belief in":[35.079,35.881,"bɪˈliːf ɪn"],"вера в":[36.802,37.378,""],"content with":[38.29,39.177,"ˈkɒntent wɪð"],"довольный":[40.089999999999996,40.836,""],"appreciate":[41.665000000000006,42.84,"əˈpriːʃieɪt"],"ценить, быть благодарным":[43.762,45.649,""],"terrified of":[46.523,47.426,"əv"],"ужасаться, быть в ужасе":[48.387,50.395,""],"reason for":[51.321,52.163,"ˈriːzn fɔː(r)"],"причина для, основание для, повод для":[53.125,55.995,""],"hate":[56.813,57.701,"heɪt"],"не любить, ненавидеть":[58.64,60.345,""],"hunting":[61.132,62.15,"ˈhʌntɪŋ"],"охота":[63.106,63.691,""],"shopping":[64.606,65.598,"ˈʃɒpɪŋ"],"поход по магазинам":[66.569,67.899,""],"bored of":[68.777,69.371,"bɔːd əv"],"скучающий":[70.28800000000001,71.269,""],"deny":[72.17999999999999,73.172,"dɪˈnaɪ"],"отрицать":[74.086,74.939,""],"understand":[75.806,77.059,"ˌʌndəˈstænd"],"понимать":[77.967,78.642,""],"kayaking":[79.575,80.776,"ˈkaɪækɪŋ"],"каякинг":[81.71,82.496,""],"regret for":[83.411,84.261,"rɪˈɡret fɔː(r)"],"сожаление о, раскаяние за":[85.179,87.379,""],"require":[88.309,89.327,"rɪˈkwaɪə(r)"],"требовать, требоваться, быть необходимым":[90.272,93.135,""],"concerned about":[94.043,95.203,"kənˈsɜːnd əˈbaʊt"],"озабоченный, взволнованный":[96.141,98.137,""],"propose":[99.06700000000001,100.242,"prəˈpəʊz"],"предлагать":[270.182,270.975,""],"canoeing":[102.85300000000001,103.662,"kəˈnuːɪŋ"],"гребля":[454.602,455.25,""],"dedicated to":[106.167,107.228,"tuː"],"преданный, посвященный":[108.13000000000001,109.927,""],"anxiety about":[110.808,112.078,"æŋˈzaɪəti əˈbaʊt"],"беспокойство о, тревога о, волнение о":[113.041,116.341,""],"known for":[117.255,117.981,"nəʊn fɔː(r)"],"известный":[118.89099999999999,119.681,""],"delay":[120.58200000000001,121.548,"dɪˈleɪ"],"задерживать":[122.46000000000001,123.34,""],"stop":[124.24900000000001,124.98,"stɒp"],"прекращать, заканчивать, завершать":[125.89000000000001,128.622,""],"responsible for":[129.531,130.805,"rɪˈspɒnsəbl fɔː(r)"],"ответственный за":[131.75300000000001,132.786,""],"fond of":[133.687,134.369,"əv"],"любить, нравиться":[401.62800000000004,403.117,""],"capable of":[137.65800000000002,138.537,"ˈkeɪpəbl əv"],"способный на":[139.492,140.5,""],"begin":[141.423,142.311,"bɪˈɡɪn"],"начинать":[561.79,562.531,""],"love":[144.827,145.689,"lʌv"],"любить, обожать":[146.599,148.017,""],"skydiving":[148.84199999999998,150.2,"ˈskaɪdaɪvɪŋ"],"затяжные прыжки с парашютом":[151.12099999999998,152.927,""],"scared of":[153.83,154.583,"skeəd əv"],"испуганный, напуганный, бояться":[324.968,327.632,""],"story about":[159.053,160.141,"ˈstɔːri əˈbaʊt"],"история о, рассказ о":[161.05999999999997,163.027,""],"reputation for":[163.908,165.117,"ˌrepjuˈteɪʃn fɔː(r)"],"репутация за":[166.049,167.097,""],"interest in":[167.974,168.875,"ˈɪntrəst ɪn"],"интерес в":[169.78400000000002,170.705,""],"tired from":[171.578,172.536,"ˈtaɪəd frəm"],"усталый от, утомленный":[173.442,175.201,""],"interested in":[176.081,177.165,"ˈɪntrestɪd ɪn"],"заинтересованный в":[178.08,179.353,""],"delay in":[180.217,180.929,"dɪˈleɪ ɪn"],"задержка в":[181.84699999999998,182.742,""],"jogging":[183.524,184.464,"ˈdʒɒɡɪŋ"],"бег трусцой":[185.405,186.532,""],"horseback riding":[187.22400000000002,188.662,"ˈraɪdɪŋ"],"верховая езда":[189.629,190.682,""],"enjoy":[191.629,192.569,"ɪnˈdʒɔɪ"],"получать удовольствие, наслаждаться":[193.489,195.933,""],"recommend":[196.817,197.888,"ˌrekəˈmend"],"рекомендовать, советовать":[198.807,200.702,""],"mention":[201.529,202.547,"ˈmenʃn"],"упоминать":[203.492,204.267,""],"windsurfing":[205.088,206.394,"ˈwɪndsɜːfɪŋ"],"виндсерфинг":[207.322,208.36,""],"encourage":[209.298,210.447,"ɪnˈkʌrɪdʒ"],"поощрять, одобрять":[211.363,212.938,""],"recall":[213.815,214.807,"rɪˈkɔːl"],"вспоминать, воскрешать":[215.712,217.51,""],"preference for":[218.38899999999998,219.433,"ˈprefrəns fɔː(r)"],"предпочтение":[220.396,221.387,""],"discouraged by":[222.3,223.542,"baɪ"],"обескураженный, расхалаженный":[224.49300000000002,226.633,""],"involved in":[227.502,228.5,"ɪnˈvɒlvd ɪn"],"вовлеченный в, впутанный в":[229.43099999999998,231.397,""],"mind":[232.232,233.277,"maɪnd"],"возражать, быть против":[234.192,236.05,""],"window shopping":[236.93200000000002,237.93,"ˈwɪndəʊ ˈʃɒpɪŋ"],"рассматривание ветрин":[238.85899999999998,240.319,""],"skiing":[241.252,242.401,"ˈskiːɪŋ"],"горнолыжный спорт":[243.31400000000002,244.699,""],"experience in":[245.57999999999998,246.82,"ɪkˈspɪəriəns ɪn"],"опыт в":[247.74599999999998,248.533,""],"addiction to":[249.409,250.373,"tuː"],"пристрасте к":[251.331,252.369,""],"fear of":[253.27599999999998,253.987,"fɪə(r) əv"],"страх, боязнь":[254.90699999999998,256.272,""],"excited about":[257.18,258.308,"əˈbaʊt"],"взволнованный":[259.21799999999996,260.174,""],"hiking":[261.09900000000005,262.117,"ˈhaɪkɪŋ"],"пеший туризм":[263.06399999999996,263.974,""],"proud of":[264.841,265.564,"praʊd əv"],"гордый":[266.486,267.082,""],"suggest":[268.02299999999997,269.224,"səˈdʒest"],"involve":[271.91200000000003,273.035,"ɪnˈvɒlv"],"подразумевать, предполагать":[273.979,275.95,""],"responsibility for":[276.83299999999997,278.32,"rɪˌspɒnsəˈbɪləti fɔː(r)"],"ответственность за":[279.269,280.377,""],"worried about":[281.219,282.301,"ˈwʌrid əˈbaʊt"],"волнующийся о, беспокоящийся о":[283.212,286.007,""],"happy about":[286.89799999999997,287.847,"ˈhæpi əˈbaʊt"],"счастливый, довольный, радостный":[288.75899999999996,291.328,""],"recollect":[292.198,293.399,"ˌrekəˈlekt"],"вспоминать, припоминать":[294.306,295.962,""],"reaction to":[296.867,297.909,"riˈækʃn tuː"],"реакция на":[298.877,299.848,""],"cease":[300.77700000000004,301.874,"siːs"],"приостанавливать, прекращать":[302.77799999999996,304.748,""],"quit":[305.595,306.509,"kwɪt"],"переставать, прекращать, бросать":[307.45700000000005,309.934,""],"skateboarding":[310.749,312.081,"ˈskeɪtbɔːdɪŋ"],"скейтбординга":[313.00100000000003,314.156,""],"complete":[315.103,316.2,"kəmˈpliːt"],"заканчивать, завершать":[371.319,373.12,""],"love of":[319.85299999999995,320.489,"lʌv əv"],"любовь к":[498.31600000000003,499.136,""],"frightened of":[323.128,324.01,"ˈfraɪtnd əv"],"discuss":[328.545,329.72,"dɪˈskʌs"],"обсуждать":[330.682,331.474,""],"can't stand":[332.433,333.459,"kɑːnt stænd"],"не выносить, не терпеть":[585.345,587.054,""],"prefer":[336.95000000000005,337.968,"prɪˈfɜː(r)"],"предпочитать":[338.88,339.817,""],"surfing":[340.648,341.666,"ˈsɜːfɪŋ"],"серфинг":[342.575,343.491,""],"dislike":[344.37199999999996,345.443,"dɪsˈlaɪk"],"не любить, не нравиться":[346.38000000000005,348.083,""],"devotion to":[348.959,349.922,"tuː"],"преданность":[350.877,351.713,""],"can't help":[352.668,353.597,"kɑːnt help"],"не избежать, не удержаться":[354.511,356.584,""],"bowling":[357.50399999999996,358.366,"ˈbəʊlɪŋ"],"боулинг":[359.271,359.951,""],"scuba diving":[360.862,362.011,"ˈdaɪvɪŋ"],"подводное плавание с аквалангом":[363.006,365.049,""],"continue":[365.97499999999997,367.02,"kənˈtɪnjuː"],"продолжать":[367.978,368.759,""],"finish":[369.636,370.367,"ˈfɪnɪʃ"],"consider":[374.03499999999997,375.001,"kənˈsɪdə(r)"],"рассматривать, обдумывать":[375.928,377.723,""],"climbing":[378.54100000000005,379.559,"ˈklaɪmɪŋ"],"альпинизм":[380.476,381.24,""],"sightseeing":[382.06399999999996,383.265,"ˈsaɪtsiːɪŋ"],"осмотр достопримечательностей":[384.19,386.259,""],