{"lines":{"process of":[-0.06500000000000006,0.858,"ˈprɑːses əv"],"процесс, ход, течение":[346.646,348.75,""],"dancing":[4.76,5.752,"ˈdænsɪŋ"],"танцы":[6.672,7.271,""],"practice":[8.129000000000001,9.226,"ˈpræktɪs"],"практиковаться, упражняться":[10.158000000000001,12.259,""],"camping":[13.126999999999999,14.485,"ˈkæmpɪŋ"],"кемпинг":[15.438,16.239,""],"snowboarding":[17.143,18.501,"ˈsnoʊbɔːrdɪŋ"],"катание на сноуборде":[19.451,20.907,""],"resent":[21.764999999999997,22.836,"rɪˈzent"],"негодовать, возмущаться":[23.756,25.669,""],"advantage of":[26.552,27.554,"ədˈvæntɪdʒ əv"],"преимущество":[414.627,415.593,""],"mountain climbing":[30.433,31.556,"ˈmaʊntn ˈklaɪmɪŋ"],"скалолазание":[32.489000000000004,33.484,""],"belief in":[34.399,35.25,"bɪˈliːf ɪn"],"вера в":[115.45100000000001,116.027,""],"habit [of]":[37.632,38.546,"ˈhæbɪt"],"привычка":[662.431,663.172,""],"content with":[41.099,42.11,"ˈkɑːntent wɪð"],"довольный":[43.022999999999996,43.769,""],"appreciate":[44.584,45.759,"əˈpriːʃieɪt"],"ценить, быть благодарным":[46.681,48.568,""],"terrified of":[49.451,50.52,"əv"],"ужасаться, быть в ужасе":[51.480999999999995,53.489,""],"reason for":[54.373000000000005,55.304,"ˈriːzn fər"],"причина для, основание для, повод для":[669.409,672.279,""],"hate":[60.064,60.847,"heɪt"],"не любить, ненавидеть":[61.786,63.491,""],"hunting":[64.38300000000001,65.245,"ˈhʌntɪŋ"],"охота":[66.20100000000001,66.786,""],"shopping":[67.62400000000001,68.59,"ˈʃɑːpɪŋ"],"поход по магазинам":[69.561,70.891,""],"bored of":[71.78500000000001,72.495,"bɔːrd əv"],"скучающий":[73.411,74.392,""],"deny":[75.214,76.232,"dɪˈnaɪ"],"отрицать":[77.14500000000001,77.998,""],"understand":[78.695,80.079,"ˌʌndərˈstænd"],"понимать":[80.988,81.663,""],"kayaking":[82.55499999999999,83.678,"ˈkaɪækɪŋ"],"каякинг":[84.612,85.398,""],"regret for":[86.276,87.169,"rɪˈɡret fər"],"сожаление о, раскаяние за":[323.624,325.824,""],"require":[91.154,92.225,"rɪˈkwaɪər"],"требовать, требоваться, быть необходимым":[93.171,96.034,""],"concerned about":[96.92,97.913,"kənˈsɜːrnd əˈbaʊt"],"озабоченный, взволнованный":[98.851,100.847,""],"propose":[101.709,102.884,"prəˈpoʊz"],"предлагать":[300.98199999999997,301.775,""],"dedicated to":[105.523,106.548,"tuː"],"преданный, посвященный":[107.45,109.247,""],"canoeing":[110.13900000000001,111.105,"kəˈnuːɪŋ"],"гребля":[514.24,514.888,""],"belief [in]":[113.56400000000001,114.53,"bɪˈliːf"],"anxiety about":[116.947,118.081,"æŋˈzaɪəti əˈbaʊt"],"беспокойство о, тревога о, волнение о":[621.216,624.516,""],"known for":[123.233,124.135,"noʊn fər"],"известный":[125.04599999999999,125.836,""],"delay":[126.746,127.634,"dɪˈleɪ"],"задерживать":[128.547,129.427,""],"stop":[130.331,131.219,"stɑːp"],"прекращать, заканчивать, завершать":[132.12800000000001,134.86,""],"dedication [to]":[135.76999999999998,136.945,"ˌdedɪˈkeɪʃn"],"преданность, посвященность":[486.788,488.714,""],"responsible for":[140.658,141.926,"rɪˈspɑːnsəbl fər"],"ответственный за":[142.87400000000002,143.907,""],"fond of":[144.811,145.573,"əv"],"любить, нравиться":[461.16200000000003,462.651,""],"capable of":[148.875,149.771,"ˈkeɪpəbl əv"],"способный на":[150.727,151.735,""],"begin":[152.553,153.493,"bɪˈɡɪn"],"начинать":[655.152,655.893,""],"love":[156.03,156.839,"lʌv"],"любить, обожать":[157.75,159.168,""],"skydiving":[160.077,161.304,"ˈskaɪdaɪvɪŋ"],"затяжные прыжки с парашютом":[162.225,164.031,""],"scared of":[164.935,165.851,"skerd əv"],"испуганный, напуганный, бояться":[373.53000000000003,376.194,""],"tired from":[170.359,171.252,"ˈtaɪərd frəm"],"усталый от, утомленный":[172.15800000000002,173.917,""],"story about":[174.87300000000002,175.948,"ˈstɔːri əˈbaʊt"],"история о, рассказ о":[573.96,575.927,""],"reputation for":[179.716,180.976,"ˌrepjuˈteɪʃn fər"],"репутация за":[274.67,275.718,""],"report [on]":[183.823,184.815,"rɪˈpɔːrt"],"доклад на, сообщение на":[451.943,453.978,""],"interested in":[188.674,189.763,"ˈɪntrestɪd ɪn"],"заинтересованный в":[190.679,191.952,""],"interest in":[192.85199999999998,193.89,"ˈɪntrəst ɪn"],"интерес в":[426.942,427.863,""],"delay in":[196.594,197.406,"dɪˈleɪ ɪn"],"задержка в":[215.244,216.139,""],"jogging":[200.02700000000002,201.019,"ˈdʒɑːɡɪŋ"],"бег трусцой":[201.95999999999998,203.087,""],"horseback riding":[203.987,205.262,"ˈraɪdɪŋ"],"верховая езда":[206.228,207.281,""],"enjoy":[208.17000000000002,209.162,"ɪnˈdʒɔɪ"],"получать удовольствие, наслаждаться":[210.08200000000002,212.526,""],"delay [in]":[213.43699999999998,214.325,"dɪˈleɪ"],"recommend":[216.993,218.09,"ˌrekəˈmend"],"рекомендовать, советовать":[219.009,220.904,""],"preference [for]":[221.732,222.907,"ˈprefrəns"],"предпочтение":[247.677,248.668,""],"mention":[225.709,226.701,"ˈmenʃn"],"упоминать":[227.646,228.421,""],"windsurfing":[229.1,230.301,"ˈwɪndsɜːrfɪŋ"],"виндсерфинг":[231.22899999999998,232.267,""],"encourage":[233.116,234.161,"ɪnˈkɜːrɪdʒ"],"поощрять, одобрять":[235.078,236.653,""],"recall":[237.46800000000002,238.513,"rɪˈkɔːl"],"вспоминать, воскрешать":[239.418,241.216,""],"talent [for]":[242.125,243.091,"ˈtælənt"],"талант к":[448.30600000000004,449.165,""],"preference for":[245.751,246.714,"ˈprefrəns fər"],"discouraged by":[249.54999999999998,250.688,"baɪ"],"обескураженный, расхалаженный":[251.639,253.779,""],"involved in":[254.656,255.589,"ɪnˈvɑːlvd ɪn"],"вовлеченный в, впутанный в":[256.521,258.487,""],"mind":[259.39799999999997,260.364,"maɪnd"],"возражать, быть против":[261.28,263.138,""],"window shopping":[264.024,265.088,"ˈwɪndoʊ ˈʃɑːpɪŋ"],"рассматривание ветрин":[266.01800000000003,267.478,""],"skiing":[268.337,269.382,"ˈskiːɪŋ"],"горнолыжный спорт":[270.294,271.679,""],"reputation [for]":[272.511,273.738,"ˌrepjuˈteɪʃn"],"experience in":[276.589,277.794,"ɪkˈspɪriəns ɪn"],"опыт в":[309.92400000000004,310.711,""],"addiction to":[280.39000000000004,281.408,"əˈdɪkʃn tuː"],"пристрасте к":[627.417,628.455,""],"fear of":[284.29,285.024,"fɪr əv"],"страх, боязнь":[604.753,606.118,""],"excited about":[288.182,289.178,"əˈbaʊt"],"взволнованный":[290.08799999999997,291.044,""],"proud of":[291.933,292.623,"praʊd əv"],"гордый":[293.545,294.141,""],"hiking":[295.015,296.086,"ˈhaɪkɪŋ"],"пеший туризм":[297.032,297.942,""],"suggest":[298.798,300.025,"səɡˈdʒest"],"involve":[302.686,303.861,"ɪnˈvɑːlv"],"подразумевать, предполагать":[304.804,306.775,""],"experience [in]":[307.666,308.998,"ɪkˈspɪriəns"],"responsibility for":[311.594,313.044,"rɪˌspɑːnsəˈbɪləti fər"],"ответственность за":[334.34,335.448,""],"worried about":[316.03400000000005,317.107,"ˈwɜːrid əˈbaʊt"],"волнующийся о, беспокоящийся о":[318.018,320.813,""],"regret [for]":[321.68800000000005,322.706,"rɪˈɡret"],"happy about":[326.71099999999996,327.609,"ˈhæpi əˈbaʊt"],"счастливый, довольный, радостный":[328.52099999999996,331.09,""],"responsibility [for]":[331.95500000000004,333.391,"rɪˌspɑːnsəˈbɪləti"],"recollect":[336.26099999999997,337.332,"ˌrekəˈlekt"],"вспоминать, припоминать":[338.239,339.895,""],"reaction to":[340.782,341.83,"riˈækʃn tuː"],"реакция на":[561.766,562.737,""],"process [of]":[344.63199999999995,345.703,"ˈprɑːses"],"cease":[349.688,350.733,"siːs"],"приостанавливать, прекращать":[351.637,353.607,""],"quit":[354.517,355.405,"kwɪt"],"переставать, прекращать, бросать":[356.35200000000003,358.829,""],"skateboarding":[359.632,360.807,"ˈskeɪtbɔːrdɪŋ"],"скейтбординга":[361.72700000000003,362.882,""],"complete":[363.745,364.737,"kəmˈpliːt"],"заканчивать, завершать":[430.65500000000003,432.456,""],"love of":[368.39099999999996,369.104,"lʌv əv"],"любовь к":[665.784,666.604,""],"frightened of":[371.727,372.572,"ˈfraɪtnd əv"],"discuss":[377.03200000000004,378.285,"dɪˈskʌs"],"обсуждать":[379.247,380.039,""],"can't stand":[380.92199999999997,381.794,"kænt stænd"],"не выносить, не терпеть":[687.553,689.262,""],"devotion [to]":[385.245,386.342,"dɪˈvoʊʃn"],"преданность":[402.896,403.732,""],"prefer":[389.037,390.003,"prɪˈfɜːr"],"предпочитать":[390.91499999999996,391.852,""],"surfing":[392.57300000000004,393.591,"ˈsɜːrfɪŋ"],"серфинг":[394.5,395.416,""],