{"lines":{"process of":[0.8660000000000001,1.814,"ˈprəʊses əv"],"процесс, ход, течение":[344.382,346.486,""],"dancing":[5.8,6.845,"ˈdɑːnsɪŋ"],"танцы":[7.766,8.365,""],"practice":[9.284,10.381,"ˈpræktɪs"],"практиковаться, упражняться":[11.312999999999999,13.414,""],"camping":[14.357000000000001,15.297,"ˈkæmpɪŋ"],"кемпинг":[16.25,17.051,""],"snowboarding":[17.916999999999998,19.223,"ˈsnəʊbɔːdɪŋ"],"катание на сноуборде":[20.173000000000002,21.629,""],"resent":[22.476999999999997,23.522,"rɪˈzent"],"негодовать, возмущаться":[24.443,26.356,""],"advantage of":[27.232999999999997,28.249,"ədˈvɑːntɪdʒ əv"],"преимущество":[412.699,413.665,""],"mountain climbing":[31.082,32.226,"ˈmaʊntən ˈklaɪmɪŋ"],"скалолазание":[33.159000000000006,34.154,""],"belief in":[35.079,35.881,"bɪˈliːf ɪn"],"вера в":[115.51100000000001,116.087,""],"habit [of]":[38.284,38.897,"ˈhæbɪt"],"привычка":[654.261,655.002,""],"content with":[41.47,42.357,"ˈkɒntent wɪð"],"довольный":[43.269999999999996,44.016,""],"appreciate":[44.846000000000004,46.021,"əˈpriːʃieɪt"],"ценить, быть благодарным":[46.942,48.829,""],"terrified of":[49.703,50.606,"əv"],"ужасаться, быть в ужасе":[51.567,53.575,""],"reason for":[54.501000000000005,55.343,"ˈriːzn fɔː(r)"],"причина для, основание для, повод для":[660.5649999999999,663.435,""],"hate":[59.993,60.881,"heɪt"],"не любить, ненавидеть":[61.82,63.525,""],"hunting":[64.312,65.33,"ˈhʌntɪŋ"],"охота":[66.286,66.871,""],"shopping":[67.786,68.778,"ˈʃɒpɪŋ"],"поход по магазинам":[69.749,71.079,""],"bored of":[71.95700000000001,72.551,"bɔːd əv"],"скучающий":[73.468,74.449,""],"deny":[75.36,76.352,"dɪˈnaɪ"],"отрицать":[77.266,78.119,""],"understand":[78.986,80.239,"ˌʌndəˈstænd"],"понимать":[81.148,81.823,""],"kayaking":[82.75500000000001,83.956,"ˈkaɪækɪŋ"],"каякинг":[84.89,85.676,""],"regret for":[86.59100000000001,87.441,"rɪˈɡret fɔː(r)"],"сожаление о, раскаяние за":[321.612,323.812,""],"require":[91.489,92.507,"rɪˈkwaɪə(r)"],"требовать, требоваться, быть необходимым":[93.452,96.315,""],"concerned about":[97.223,98.383,"kənˈsɜːnd əˈbaʊt"],"озабоченный, взволнованный":[99.321,101.317,""],"propose":[102.247,103.422,"prəˈpəʊz"],"предлагать":[299.59499999999997,300.388,""],"dedicated to":[106.11000000000001,107.171,"tuː"],"преданный, посвященный":[108.074,109.871,""],"canoeing":[110.73100000000001,111.54,"kəˈnuːɪŋ"],"гребля":[511.8059999999999,512.454,""],"belief [in]":[113.979,114.59,"bɪˈliːf"],"anxiety about":[116.968,118.238,"æŋˈzaɪəti əˈbaʊt"],"беспокойство о, тревога о, волнение о":[612.9050000000001,616.205,""],"known for":[123.415,124.141,"nəʊn fɔː(r)"],"известный":[125.05099999999999,125.841,""],"delay":[126.742,127.708,"dɪˈleɪ"],"задерживать":[128.62,129.5,""],"stop":[130.409,131.14,"stɒp"],"прекращать, заканчивать, завершать":[132.05,134.782,""],"dedication [to]":[135.66199999999998,136.557,""],"преданность, посвященность":[484.392,486.318,""],"responsible for":[140.295,141.569,"rɪˈspɒnsəbl fɔː(r)"],"ответственный за":[142.518,143.551,""],"fond of":[144.45100000000002,145.133,"əv"],"любить, нравиться":[458.83200000000005,460.321,""],"capable of":[148.422,149.301,"ˈkeɪpəbl əv"],"способный на":[150.25699999999998,151.265,""],"begin":[152.18699999999998,153.075,"bɪˈɡɪn"],"начинать":[646.9,647.641,""],"love":[155.591,156.453,"lʌv"],"любить, обожать":[157.364,158.782,""],"skydiving":[159.606,160.964,"ˈskaɪdaɪvɪŋ"],"затяжные прыжки с парашютом":[161.885,163.691,""],"scared of":[164.59400000000002,165.347,"skeəd əv"],"испуганный, напуганный, бояться":[371.606,374.27,""],"tired from":[169.842,170.8,"ˈtaɪəd frəm"],"усталый от, утомленный":[171.70600000000002,173.465,""],"story about":[174.31300000000002,175.401,"ˈstɔːri əˈbaʊt"],"история о, рассказ о":[176.32,178.287,""],"reputation for":[179.168,180.377,"ˌrepjuˈteɪʃn fɔː(r)"],"репутация за":[273.064,274.112,""],"report [on]":[183.22400000000002,183.937,"rɪˈpɔːt"],"доклад на, сообщение на":[449.84999999999997,451.885,""],"interested in":[187.777,188.861,"ˈɪntrestɪd ɪn"],"заинтересованный в":[189.77700000000002,191.05,""],"interest in":[191.927,192.828,"ˈɪntrəst ɪn"],"интерес в":[425.04200000000003,425.963,""],"delay in":[195.52200000000002,196.234,"dɪˈleɪ ɪn"],"задержка в":[213.664,214.559,""],"jogging":[198.829,199.769,"ˈdʒɒɡɪŋ"],"бег трусцой":[200.70999999999998,201.837,""],"horseback riding":[202.52900000000002,203.967,"ˈraɪdɪŋ"],"верховая езда":[204.934,205.987,""],"enjoy":[206.934,207.874,"ɪnˈdʒɔɪ"],"получать удовольствие, наслаждаться":[208.794,211.238,""],"delay [in]":[212.149,212.746,"dɪˈleɪ"],"recommend":[215.443,216.514,"ˌrekəˈmend"],"рекомендовать, советовать":[217.433,219.328,""],"preference [for]":[220.197,221.038,"ˈprefrəns"],"предпочтение":[245.94199999999998,246.933,""],"mention":[223.82,224.838,"ˈmenʃn"],"упоминать":[225.783,226.558,""],"windsurfing":[227.378,228.684,"ˈwɪndsɜːfɪŋ"],"виндсерфинг":[229.612,230.65,""],"encourage":[231.588,232.737,"ɪnˈkʌrɪdʒ"],"поощрять, одобрять":[233.65300000000002,235.228,""],"recall":[236.10600000000002,237.098,"rɪˈkɔːl"],"вспоминать, воскрешать":[238.003,239.801,""],"talent [for]":[240.669,241.282,"ˈtælənt"],"талант к":[446.137,446.996,""],"preference for":[243.935,244.979,"ˈprefrəns fɔː(r)"],"discouraged by":[247.846,249.088,"baɪ"],"обескураженный, расхалаженный":[250.03900000000002,252.179,""],"involved in":[253.048,254.046,"ɪnˈvɒlvd ɪn"],"вовлеченный в, впутанный в":[254.97699999999998,256.943,""],"mind":[257.77799999999996,258.823,"maɪnd"],"возражать, быть против":[259.739,261.597,""],"window shopping":[262.478,263.476,"ˈwɪndəʊ ˈʃɒpɪŋ"],"рассматривание ветрин":[264.406,265.866,""],"skiing":[266.799,267.948,"ˈskiːɪŋ"],"горнолыжный спорт":[268.86,270.245,""],"reputation [for]":[271.13,272.132,"ˌrepjuˈteɪʃn"],"experience in":[274.993,276.233,"ɪkˈspɪəriəns ɪn"],"опыт в":[308.214,309.001,""],"addiction to":[278.823,279.787,"tuː"],"пристрасте к":[618.761,619.799,""],"fear of":[282.69,283.401,"fɪə(r) əv"],"страх, боязнь":[596.377,597.742,""],"excited about":[286.593,287.721,"əˈbaʊt"],"взволнованный":[288.631,289.587,""],"proud of":[290.454,291.177,"praʊd əv"],"гордый":[292.098,292.694,""],"hiking":[293.62,294.638,"ˈhaɪkɪŋ"],"пеший туризм":[295.585,296.495,""],"suggest":[297.43699999999995,298.638,"səˈdʒest"],"involve":[301.325,302.448,"ɪnˈvɒlv"],"подразумевать, предполагать":[303.392,305.363,""],"experience [in]":[306.265,307.288,"ɪkˈspɪəriəns"],"responsibility for":[309.88399999999996,311.371,"rɪˌspɒnsəˈbɪləti fɔː(r)"],"ответственность за":[332.133,333.241,""],"worried about":[314.27,315.352,"ˈwʌrid əˈbaʊt"],"волнующийся о, беспокоящийся о":[316.263,319.058,""],"regret [for]":[319.94100000000003,320.694,"rɪˈɡret"],"happy about":[324.703,325.652,"ˈhæpi əˈbaʊt"],"счастливый, довольный, радостный":[326.56399999999996,329.133,""],"responsibility [for]":[330.008,331.185,"rɪˌspɒnsəˈbɪləti"],"recollect":[334.11199999999997,335.313,"ˌrekəˈlekt"],"вспоминать, припоминать":[336.21999999999997,337.876,""],"reaction to":[338.781,339.823,"riˈækʃn tuː"],"реакция на":[558.569,559.54,""],"process [of]":[342.651,343.439,"ˈprəʊses"],"cease":[347.416,348.513,"siːs"],"приостанавливать, прекращать":[349.417,351.387,""],"quit":[352.23400000000004,353.148,"kwɪt"],"переставать, прекращать, бросать":[354.095,356.572,""],"skateboarding":[357.387,358.719,"ˈskeɪtbɔːdɪŋ"],"скейтбординга":[359.639,360.794,""],"complete":[361.74100000000004,362.838,"kəmˈpliːt"],"заканчивать, завершать":[428.523,430.324,""],"love of":[366.491,367.127,"lʌv əv"],"любовь к":[657.294,658.114,""],"frightened of":[369.766,370.648,"ˈfraɪtnd əv"],"discuss":[375.18399999999997,376.359,"dɪˈskʌs"],"обсуждать":[377.32000000000005,378.112,""],"can't stand":[379.07099999999997,380.097,"kɑːnt stænd"],"не выносить, не терпеть":[678.889,680.598,""],"devotion [to]":[383.589,384.318,""],"преданность":[400.909,401.745,""],"prefer":[386.983,388.001,"prɪˈfɜː(r)"],"предпочитать":[388.912,389.849,""],"surfing":[390.68,391.698,"ˈsɜːfɪŋ"],"серфинг":[392.607,393.523,""],"dislike":[394.405,395.476,"dɪsˈlaɪk"],