{"lines":{"process of":[-0.06500000000000006,0.858,"ˈprɑːses əv"],"процесс, ход, течение":[1.802,3.906,""],"dancing":[4.76,5.752,"ˈdænsɪŋ"],"танцы":[6.672,7.271,""],"practice":[8.129000000000001,9.226,"ˈpræktɪs"],"практиковаться, упражняться":[10.158000000000001,12.259,""],"camping":[13.126999999999999,14.485,"ˈkæmpɪŋ"],"кемпинг":[15.438,16.239,""],"snowboarding":[17.143,18.501,"ˈsnoʊbɔːrdɪŋ"],"катание на сноуборде":[19.451,20.907,""],"resent":[21.764999999999997,22.836,"rɪˈzent"],"негодовать, возмущаться":[23.756,25.669,""],"advantage of":[26.552,27.554,"ədˈvæntɪdʒ əv"],"преимущество":[28.52,29.486,""],"mountain climbing":[30.433,31.556,"ˈmaʊntn ˈklaɪmɪŋ"],"скалолазание":[32.489000000000004,33.484,""],"belief in":[34.399,35.25,"bɪˈliːf ɪn"],"вера в":[36.171,36.747,""],"content with":[37.638999999999996,38.65,"ˈkɑːntent wɪð"],"довольный":[39.562999999999995,40.309,""],"appreciate":[41.124,42.299,"əˈpriːʃieɪt"],"ценить, быть благодарным":[43.221,45.108,""],"terrified of":[45.991,47.06,"əv"],"ужасаться, быть в ужасе":[48.021,50.029,""],"reason for":[50.914,51.845,"ˈriːzn fər"],"причина для, основание для, повод для":[52.807,55.677,""],"hate":[56.604,57.387,"heɪt"],"не любить, ненавидеть":[58.326,60.031,""],"hunting":[60.922999999999995,61.785,"ˈhʌntɪŋ"],"охота":[62.741,63.326,""],"shopping":[64.164,65.13,"ˈʃɑːpɪŋ"],"поход по магазинам":[66.101,67.431,""],"bored of":[68.325,69.035,"bɔːrd əv"],"скучающий":[69.95100000000001,70.932,""],"deny":[71.754,72.772,"dɪˈnaɪ"],"отрицать":[73.685,74.538,""],"understand":[75.235,76.619,"ˌʌndərˈstænd"],"понимать":[77.528,78.203,""],"kayaking":[79.095,80.218,"ˈkaɪækɪŋ"],"каякинг":[81.152,81.938,""],"regret for":[82.817,83.71,"rɪˈɡret fər"],"сожаление о, раскаяние за":[84.628,86.828,""],"require":[87.69500000000001,88.766,"rɪˈkwaɪər"],"требовать, требоваться, быть необходимым":[89.711,92.574,""],"concerned about":[93.46000000000001,94.453,"kənˈsɜːrnd əˈbaʊt"],"озабоченный, взволнованный":[95.391,97.387,""],"propose":[98.24900000000001,99.424,"prəˈpoʊz"],"предлагать":[269.176,269.969,""],"dedicated to":[102.06299999999999,103.088,"tuː"],"преданный, посвященный":[103.991,105.788,""],"canoeing":[106.679,107.645,"kəˈnuːɪŋ"],"гребля":[452.923,453.571,""],"anxiety about":[110.133,111.267,"æŋˈzaɪəti əˈbaʊt"],"беспокойство о, тревога о, волнение о":[112.23,115.53,""],"known for":[116.419,117.321,"noʊn fər"],"известный":[118.232,119.022,""],"delay":[119.93299999999999,120.821,"dɪˈleɪ"],"задерживать":[121.733,122.613,""],"stop":[123.517,124.405,"stɑːp"],"прекращать, заканчивать, завершать":[125.315,128.047,""],"responsible for":[128.93,130.198,"rɪˈspɑːnsəbl fər"],"ответственный за":[131.14600000000002,132.179,""],"fond of":[133.083,133.845,"əv"],"любить, нравиться":[399.845,401.334,""],"capable of":[137.14700000000002,138.043,"ˈkeɪpəbl əv"],"способный на":[138.999,140.007,""],"begin":[140.825,141.765,"bɪˈɡɪn"],"начинать":[559.5120000000001,560.253,""],"love":[144.302,145.111,"lʌv"],"любить, обожать":[146.021,147.439,""],"skydiving":[148.349,149.576,"ˈskaɪdaɪvɪŋ"],"затяжные прыжки с парашютом":[150.49699999999999,152.303,""],"scared of":[153.20600000000002,154.122,"skerd əv"],"испуганный, напуганный, бояться":[323.437,326.101,""],"tired from":[158.631,159.524,"ˈtaɪərd frəm"],"усталый от, утомленный":[160.43,162.189,""],"story about":[163.145,164.22,"ˈstɔːri əˈbaʊt"],"история о, рассказ о":[165.13899999999998,167.106,""],"reputation for":[167.988,169.248,"ˌrepjuˈteɪʃn fər"],"репутация за":[170.18,171.228,""],"interested in":[172.127,173.216,"ˈɪntrestɪd ɪn"],"заинтересованный в":[174.132,175.405,""],"interest in":[176.30499999999998,177.343,"ˈɪntrəst ɪn"],"интерес в":[178.252,179.173,""],"delay in":[180.047,180.859,"dɪˈleɪ ɪn"],"задержка в":[181.778,182.673,""],"jogging":[183.48000000000002,184.472,"ˈdʒɑːɡɪŋ"],"бег трусцой":[185.41299999999998,186.54,""],"horseback riding":[187.439,188.714,"ˈraɪdɪŋ"],"верховая езда":[189.681,190.734,""],"enjoy":[191.62300000000002,192.615,"ɪnˈdʒɔɪ"],"получать удовольствие, наслаждаться":[193.53500000000003,195.979,""],"recommend":[196.834,197.931,"ˌrekəˈmend"],"рекомендовать, советовать":[198.849,200.744,""],"mention":[201.592,202.584,"ˈmenʃn"],"упоминать":[203.529,204.304,""],"windsurfing":[204.983,206.184,"ˈwɪndsɜːrfɪŋ"],"виндсерфинг":[207.112,208.15,""],"encourage":[208.99900000000002,210.044,"ɪnˈkɜːrɪdʒ"],"поощрять, одобрять":[210.96,212.535,""],"recall":[213.35000000000002,214.395,"rɪˈkɔːl"],"вспоминать, воскрешать":[215.3,217.098,""],"preference for":[217.984,218.947,"ˈprefrəns fər"],"предпочтение":[219.91,220.901,""],"discouraged by":[221.783,222.921,"baɪ"],"обескураженный, расхалаженный":[223.871,226.011,""],"involved in":[226.889,227.822,"ɪnˈvɑːlvd ɪn"],"вовлеченный в, впутанный в":[228.753,230.719,""],"mind":[231.631,232.597,"maɪnd"],"возражать, быть против":[233.513,235.371,""],"window shopping":[236.257,237.321,"ˈwɪndoʊ ˈʃɑːpɪŋ"],"рассматривание ветрин":[238.251,239.711,""],"skiing":[240.56900000000002,241.614,"ˈskiːɪŋ"],"горнолыжный спорт":[242.52700000000002,243.912,""],"experience in":[244.78199999999998,245.987,"ɪkˈspɪriəns ɪn"],"опыт в":[246.914,247.701,""],"addiction to":[248.584,249.602,"tuː"],"пристрасте к":[250.559,251.597,""],"fear of":[252.483,253.217,"fɪr əv"],"страх, боязнь":[254.137,255.502,""],"excited about":[256.375,257.371,"əˈbaʊt"],"взволнованный":[258.281,259.237,""],"proud of":[260.127,260.817,"praʊd əv"],"гордый":[261.738,262.334,""],"hiking":[263.20799999999997,264.279,"ˈhaɪkɪŋ"],"пеший туризм":[265.226,266.136,""],"suggest":[266.99100000000004,268.218,"səɡˈdʒest"],"involve":[270.87899999999996,272.054,"ɪnˈvɑːlv"],"подразумевать, предполагать":[272.998,274.969,""],"responsibility for":[275.85200000000003,277.302,"rɪˌspɑːnsəˈbɪləti fər"],"ответственность за":[278.251,279.359,""],"worried about":[280.29200000000003,281.365,"ˈwɜːrid əˈbaʊt"],"волнующийся о, беспокоящийся о":[282.276,285.071,""],"happy about":[285.95799999999997,286.856,"ˈhæpi əˈbaʊt"],"счастливый, довольный, радостный":[287.768,290.337,""],"recollect":[291.15,292.221,"ˌrekəˈlekt"],"вспоминать, припоминать":[293.128,294.784,""],"reaction to":[295.671,296.719,"riˈækʃn tuː"],"реакция на":[297.687,298.658,""],"cease":[299.59499999999997,300.64,"siːs"],"приостанавливать, прекращать":[301.544,303.514,""],"quit":[304.42400000000004,305.312,"kwɪt"],"переставать, прекращать, бросать":[306.26000000000005,308.737,""],"skateboarding":[309.539,310.714,"ˈskeɪtbɔːrdɪŋ"],"скейтбординга":[311.634,312.789,""],"complete":[313.652,314.644,"kəmˈpliːt"],"заканчивать, завершать":[369.338,371.139,""],"love of":[318.298,319.011,"lʌv əv"],"любовь к":[497.036,497.856,""],"frightened of":[321.635,322.48,"ˈfraɪtnd əv"],"discuss":[326.939,328.192,"dɪˈskʌs"],"обсуждать":[329.15400000000005,329.946,""],"can't stand":[330.829,331.701,"kænt stænd"],"не выносить, не терпеть":[582.8050000000001,584.514,""],"prefer":[335.222,336.188,"prɪˈfɜːr"],"предпочитать":[337.09999999999997,338.037,""],"surfing":[338.75800000000004,339.776,"ˈsɜːrfɪŋ"],"серфинг":[340.685,341.601,""],"dislike":[342.514,343.532,"dɪsˈlaɪk"],"не любить, не нравиться":[344.46900000000005,346.172,""],"devotion to":[347.054,348.126,"tuː"],"преданность":[349.08099999999996,349.917,""],"can't help":[350.801,351.587,"kænt help"],"не избежать, не удержаться":[352.502,354.575,""],"bowling":[355.409,356.349,"ˈboʊlɪŋ"],"боулинг":[357.254,357.934,""],"scuba diving":[358.823,359.803,"ˈdaɪvɪŋ"],"подводное плавание с аквалангом":[360.798,362.841,""],"continue":[363.736,364.807,"kənˈtɪnjuː"],"продолжать":[365.765,366.546,""],"finish":[367.394,368.386,"ˈfɪnɪʃ"],"consider":[372.00300000000004,373.021,"kənˈsɪdər"],"рассматривать, обдумывать":[373.948,375.743,""],"climbing":[376.551,377.543,"ˈklaɪmɪŋ"],"альпинизм":[378.46,379.224,""],"sightseeing":[380.124,381.247,"ˈsaɪtsiːɪŋ"],"осмотр достопримечательностей":[382.171,384.24,""],"talent for":[385.142,386.074,"ˈtælənt fər"],"талант к":[386.98900000000003,387.848,""],"report on":[388.75,389.7,"rɪˈpɔːrt ɑːn"],