{"lines":{"process of":[0.8660000000000001,1.814,"ˈprəʊses əv"],"процесс, ход, течение":[348.43,350.534,""],"dancing":[5.8,6.845,"ˈdɑːnsɪŋ"],"танцы":[7.766,8.365,""],"practice":[9.284,10.381,"ˈpræktɪs"],"практиковаться, упражняться":[11.312999999999999,13.414,""],"camping":[14.357000000000001,15.297,"ˈkæmpɪŋ"],"кемпинг":[16.25,17.051,""],"snowboarding":[17.916999999999998,19.223,"ˈsnəʊbɔːdɪŋ"],"катание на сноуборде":[20.173000000000002,21.629,""],"resent":[22.476999999999997,23.522,"rɪˈzent"],"негодовать, возмущаться":[24.443,26.356,""],"advantage of":[27.232999999999997,28.249,"ədˈvɑːntɪdʒ əv"],"преимущество":[417.605,418.571,""],"mountain climbing":[31.082,32.226,"ˈmaʊntən ˈklaɪmɪŋ"],"скалолазание":[33.159000000000006,34.154,""],"belief in":[35.079,35.881,"bɪˈliːf ɪn"],"вера в":[115.998,116.574,""],"habit [of]":[38.318000000000005,39.154,"ˈhæbɪt"],"привычка":[661.594,662.335,""],"content with":[41.726,42.613,"ˈkɒntent wɪð"],"довольный":[43.525999999999996,44.272,""],"appreciate":[45.102000000000004,46.277,"əˈpriːʃieɪt"],"ценить, быть благодарным":[47.199,49.086,""],"terrified of":[49.96,50.863,"əv"],"ужасаться, быть в ужасе":[51.824,53.832,""],"reason for":[54.757,55.599,"ˈriːzn fɔː(r)"],"причина для, основание для, повод для":[668.608,671.478,""],"hate":[60.249,61.137,"heɪt"],"не любить, ненавидеть":[62.077,63.782,""],"hunting":[64.568,65.586,"ˈhʌntɪŋ"],"охота":[66.543,67.128,""],"shopping":[68.042,69.034,"ˈʃɒpɪŋ"],"поход по магазинам":[70.005,71.335,""],"bored of":[72.21400000000001,72.808,"bɔːd əv"],"скучающий":[73.724,74.705,""],"deny":[75.61699999999999,76.609,"dɪˈnaɪ"],"отрицать":[77.522,78.375,""],"understand":[79.242,80.495,"ˌʌndəˈstænd"],"понимать":[81.404,82.079,""],"kayaking":[83.012,84.213,"ˈkaɪækɪŋ"],"каякинг":[85.147,85.933,""],"regret for":[86.848,87.698,"rɪˈɡret fɔː(r)"],"сожаление о, раскаяние за":[324.98400000000004,327.184,""],"require":[91.745,92.763,"rɪˈkwaɪə(r)"],"требовать, требоваться, быть необходимым":[93.709,96.572,""],"concerned about":[97.48,98.64,"kənˈsɜːnd əˈbaʊt"],"озабоченный, взволнованный":[99.578,101.574,""],"propose":[102.504,103.679,"prəˈpəʊz"],"предлагать":[302.327,303.12,""],"dedicated to":[106.36699999999999,107.428,"tuː"],"преданный, посвященный":[108.33,110.127,""],"canoeing":[110.988,111.797,"kəˈnuːɪŋ"],"гребля":[517.029,517.677,""],"belief [in]":[114.294,115.077,"bɪˈliːf"],"anxiety about":[117.45400000000001,118.724,"æŋˈzaɪəti əˈbaʊt"],"беспокойство о, тревога о, волнение о":[619.594,622.894,""],"known for":[123.901,124.627,"nəʊn fɔː(r)"],"известный":[125.538,126.328,""],"delay":[127.228,128.194,"dɪˈleɪ"],"задерживать":[129.107,129.987,""],"stop":[130.895,131.626,"stɒp"],"прекращать, заканчивать, завершать":[132.536,135.268,""],"dedication [to]":[136.186,137.387,"ˌdedɪˈkeɪʃn"],"преданность, посвященность":[489.61400000000003,491.54,""],"responsible for":[141.125,142.399,"rɪˈspɒnsəbl fɔː(r)"],"ответственный за":[143.347,144.38,""],"fond of":[145.281,145.963,"əv"],"любить, нравиться":[464.05400000000003,465.543,""],"capable of":[149.252,150.131,"ˈkeɪpəbl əv"],"способный на":[151.087,152.095,""],"begin":[153.017,153.905,"bɪˈɡɪn"],"начинать":[654.234,654.975,""],"love":[156.421,157.283,"lʌv"],"любить, обожать":[158.19299999999998,159.611,""],"skydiving":[160.436,161.794,"ˈskaɪdaɪvɪŋ"],"затяжные прыжки с парашютом":[162.71499999999997,164.521,""],"scared of":[165.424,166.177,"skeəd əv"],"испуганный, напуганный, бояться":[375.654,378.318,""],"tired from":[170.672,171.63,"ˈtaɪəd frəm"],"усталый от, утомленный":[172.536,174.295,""],"story about":[175.143,176.231,"ˈstɔːri əˈbaʊt"],"история о, рассказ о":[177.14999999999998,179.117,""],"reputation for":[179.99699999999999,181.206,"ˌrepjuˈteɪʃn fɔː(r)"],"репутация за":[275.795,276.843,""],"report [on]":[184.10899999999998,185.284,"rɪˈpɔːt"],"доклад на, сообщение на":[455.072,457.107,""],"interested in":[189.125,190.209,"ˈɪntrestɪd ɪn"],"заинтересованный в":[191.124,192.397,""],"interest in":[193.274,194.175,"ˈɪntrəst ɪn"],"интерес в":[430.264,431.185,""],"delay in":[196.869,197.581,"dɪˈleɪ ɪn"],"задержка в":[215.37099999999998,216.266,""],"jogging":[200.177,201.117,"ˈdʒɒɡɪŋ"],"бег трусцой":[202.057,203.184,""],"horseback riding":[203.877,205.315,"ˈraɪdɪŋ"],"верховая езда":[206.281,207.334,""],"enjoy":[208.281,209.221,"ɪnˈdʒɔɪ"],"получать удовольствие, наслаждаться":[210.14100000000002,212.585,""],"delay [in]":[213.486,214.452,"dɪˈleɪ"],"recommend":[217.15,218.221,"ˌrekəˈmend"],"рекомендовать, советовать":[219.13899999999998,221.034,""],"preference [for]":[221.862,223.142,"ˈprefrəns"],"предпочтение":[248.452,249.443,""],"mention":[225.924,226.942,"ˈmenʃn"],"упоминать":[227.887,228.662,""],"windsurfing":[229.482,230.788,"ˈwɪndsɜːfɪŋ"],"виндсерфинг":[231.71599999999998,232.754,""],"encourage":[233.692,234.841,"ɪnˈkʌrɪdʒ"],"поощрять, одобрять":[235.757,237.332,""],"recall":[238.21,239.202,"rɪˈkɔːl"],"вспоминать, воскрешать":[240.107,241.905,""],"talent [for]":[242.80100000000002,243.793,"ˈtælənt"],"талант к":[451.35900000000004,452.218,""],"preference for":[246.445,247.489,"ˈprefrəns fɔː(r)"],"discouraged by":[250.35600000000002,251.598,"baɪ"],"обескураженный, расхалаженный":[252.549,254.689,""],"involved in":[255.558,256.556,"ɪnˈvɒlvd ɪn"],"вовлеченный в, впутанный в":[257.488,259.454,""],"mind":[260.288,261.333,"maɪnd"],"возражать, быть против":[262.249,264.107,""],"window shopping":[264.988,265.986,"ˈwɪndəʊ ˈʃɒpɪŋ"],"рассматривание ветрин":[266.916,268.376,""],"skiing":[269.309,270.458,"ˈskiːɪŋ"],"горнолыжный спорт":[271.37,272.755,""],"reputation [for]":[273.662,274.863,"ˌrepjuˈteɪʃn"],"experience in":[277.724,278.964,"ɪkˈspɪəriəns ɪn"],"опыт в":[311.276,312.063,""],"addiction to":[281.554,282.518,"əˈdɪkʃn tuː"],"пристрасте к":[625.802,626.84,""],"fear of":[285.421,286.132,"fɪə(r) əv"],"страх, боязнь":[602.733,604.098,""],"excited about":[289.324,290.452,"əˈbaʊt"],"взволнованный":[291.36199999999997,292.318,""],"proud of":[293.185,293.908,"praʊd əv"],"гордый":[294.83,295.426,""],"hiking":[296.35100000000006,297.369,"ˈhaɪkɪŋ"],"пеший туризм":[298.316,299.226,""],"suggest":[300.168,301.369,"səˈdʒest"],"involve":[304.057,305.18,"ɪnˈvɒlv"],"подразумевать, предполагать":[306.123,308.094,""],"experience [in]":[309.01800000000003,310.35,"ɪkˈspɪəriəns"],"responsibility for":[312.94599999999997,314.433,"rɪˌspɒnsəˈbɪləti fɔː(r)"],"ответственность за":[335.831,336.939,""],"worried about":[317.333,318.415,"ˈwʌrid əˈbaʊt"],"волнующийся о, беспокоящийся о":[319.32599999999996,322.121,""],"regret [for]":[323.02099999999996,324.066,"rɪˈɡret"],"happy about":[328.075,329.024,"ˈhæpi əˈbaʊt"],"счастливый, довольный, радостный":[329.936,332.505,""],"responsibility [for]":[333.39300000000003,334.882,"rɪˌspɒnsəˈbɪləti"],"recollect":[337.80899999999997,339.01,"ˌrekəˈlekt"],"вспоминать, припоминать":[339.917,341.573,""],"reaction to":[342.478,343.52,"riˈækʃn tuː"],"реакция на":[564.354,565.325,""],"process [of]":[346.338,347.487,"ˈprəʊses"],"cease":[351.464,352.561,"siːs"],"приостанавливать, прекращать":[353.465,355.435,""],"quit":[356.28200000000004,357.196,"kwɪt"],"переставать, прекращать, бросать":[358.14300000000003,360.62,""],"skateboarding":[361.435,362.767,"ˈskeɪtbɔːdɪŋ"],"скейтбординга":[363.687,364.842,""],"complete":[365.78900000000004,366.886,"kəmˈpliːt"],"заканчивать, завершать":[433.74600000000004,435.547,""],"love of":[370.539,371.175,"lʌv əv"],"любовь к":[664.9789999999999,665.799,""],"frightened of":[373.814,374.696,"ˈfraɪtnd əv"],"discuss":[379.23199999999997,380.407,"dɪˈskʌs"],"обсуждать":[381.36800000000005,382.16,""],"can't stand":[383.11899999999997,384.145,"kɑːnt stænd"],"не выносить, не терпеть":[686.931,688.64,""],"devotion [to]":[387.657,388.728,"dɪˈvəʊʃn"],"преданность":[405.32,406.156,""],"prefer":[391.39300000000003,392.411,"prɪˈfɜː(r)"],"предпочитать":[393.323,394.26,""],"surfing":[395.091,396.109,"ˈsɜːfɪŋ"],"серфинг":[397.01800000000003,397.934,""],"dislike":[398.815,399.886,"dɪsˈlaɪk"],"не любить, не нравиться":[400.82300000000004,402.526,""],