{"lines":{"dancing":[-0.14600000000000002,0.846,"ˈdænsɪŋ"],"танцы":[1.7660000000000002,2.365,""],"practice":[3.2230000000000003,4.32,"ˈpræktɪs"],"практиковаться, упражняться":[5.252,7.353,""],"camping":[8.221,9.579,"ˈkæmpɪŋ"],"кемпинг":[10.532,11.333,""],"snowboarding":[12.237,13.595,"ˈsnoʊbɔːrdɪŋ"],"катание на сноуборде":[14.545000000000002,16.001,""],"resent":[16.858999999999998,17.93,"rɪˈzent"],"негодовать, возмущаться":[18.85,20.763,""],"mountain climbing":[21.709,22.832,"ˈmaʊntn ˈklaɪmɪŋ"],"скалолазание":[23.766,24.761,""],"habit [of]":[25.645999999999997,26.56,"ˈhæbɪt"],"привычка":[27.48,28.221,""],"content with":[29.113,30.124,"ˈkɑːntent wɪð"],"довольный":[31.038,31.784,""],"appreciate":[32.599000000000004,33.774,"əˈpriːʃieɪt"],"ценить, быть благодарным":[34.695,36.582,""],"terrified of":[37.464999999999996,38.534,"əv"],"ужасаться, быть в ужасе":[39.495,41.503,""],"hate":[42.43,43.213,"heɪt"],"не любить, ненавидеть":[44.153,45.858,""],"hunting":[46.748999999999995,47.611,"ˈhʌntɪŋ"],"охота":[48.568,49.153,""],"shopping":[49.991,50.957,"ˈʃɑːpɪŋ"],"поход по магазинам":[51.928000000000004,53.258,""],"bored of":[54.150999999999996,54.861,"bɔːrd əv"],"скучающий":[55.777,56.758,""],"deny":[57.58,58.598,"dɪˈnaɪ"],"отрицать":[59.510999999999996,60.364,""],"understand":[61.061,62.445,"ˌʌndərˈstænd"],"понимать":[63.354,64.029,""],"kayaking":[64.92099999999999,66.044,"ˈkaɪækɪŋ"],"каякинг":[66.978,67.764,""],"require":[68.631,69.702,"rɪˈkwaɪər"],"требовать, требоваться, быть необходимым":[70.648,73.511,""],"concerned about":[74.396,75.389,"kənˈsɜːrnd əˈbaʊt"],"озабоченный, взволнованный":[76.328,78.324,""],"propose":[79.186,80.361,"prəˈpoʊz"],"предлагать":[240.441,241.234,""],"dedicated to":[83.0,84.025,"tuː"],"преданный, посвященный":[84.927,86.724,""],"canoeing":[87.616,88.582,"kəˈnuːɪŋ"],"гребля":[425.06399999999996,425.712,""],"belief [in]":[91.04,92.006,"bɪˈliːf"],"вера в":[92.927,93.503,""],"known for":[94.393,95.295,"noʊn fər"],"известный":[96.205,96.995,""],"delay":[97.90599999999999,98.794,"dɪˈleɪ"],"задерживать":[99.706,100.586,""],"stop":[101.49,102.378,"stɑːp"],"прекращать, заканчивать, завершать":[103.288,106.02,""],"dedication [to]":[106.93,108.105,"ˌdedɪˈkeɪʃn"],"преданность, посвященность":[109.008,110.934,""],"responsible for":[111.818,113.086,"rɪˈspɑːnsəbl fər"],"ответственный за":[114.03399999999999,115.067,""],"fond of":[115.971,116.733,"əv"],"любить, нравиться":[376.83700000000005,378.326,""],"capable of":[120.034,120.93,"ˈkeɪpəbl əv"],"способный на":[121.88600000000001,122.894,""],"begin":[123.71300000000001,124.653,"bɪˈɡɪn"],"начинать":[554.419,555.16,""],"love":[127.19,127.999,"lʌv"],"любить, обожать":[128.909,130.327,""],"skydiving":[131.237,132.464,"ˈskaɪdaɪvɪŋ"],"затяжные прыжки с парашютом":[133.385,135.191,""],"scared of":[136.094,137.01,"skerd əv"],"испуганный, напуганный, бояться":[301.37,304.034,""],"tired from":[141.518,142.411,"ˈtaɪərd frəm"],"усталый от, утомленный":[143.317,145.076,""],"report [on]":[145.942,146.934,"rɪˈpɔːrt"],"доклад на, сообщение на":[147.86,149.895,""],"interested in":[150.794,151.883,"ˈɪntrestɪd ɪn"],"заинтересованный в":[152.799,154.072,""],"jogging":[154.88000000000002,155.872,"ˈdʒɑːɡɪŋ"],"бег трусцой":[156.81199999999998,157.939,""],"horseback riding":[158.839,160.114,"ˈraɪdɪŋ"],"верховая езда":[161.08,162.133,""],"enjoy":[163.02200000000002,164.014,"ɪnˈdʒɔɪ"],"получать удовольствие, наслаждаться":[164.934,167.378,""],"delay [in]":[168.289,169.177,"dɪˈleɪ"],"задержка в":[170.096,170.991,""],"recommend":[171.845,172.942,"ˌrekəˈmend"],"рекомендовать, советовать":[173.861,175.756,""],"preference [for]":[176.58499999999998,177.76,"ˈprefrəns"],"предпочтение":[178.72299999999998,179.714,""],"mention":[180.561,181.553,"ˈmenʃn"],"упоминать":[182.498,183.273,""],"windsurfing":[183.953,185.154,"ˈwɪndsɜːrfɪŋ"],"виндсерфинг":[186.081,187.119,""],"encourage":[187.96900000000002,189.014,"ɪnˈkɜːrɪdʒ"],"поощрять, одобрять":[189.93,191.505,""],"recall":[192.32000000000002,193.365,"rɪˈkɔːl"],"вспоминать, воскрешать":[194.27,196.068,""],"talent [for]":[196.97799999999998,197.944,"ˈtælənt"],"талант к":[198.85899999999998,199.718,""],"discouraged by":[200.599,201.737,"baɪ"],"обескураженный, расхалаженный":[202.68800000000002,204.828,""],"involved in":[205.70600000000002,206.639,"ɪnˈvɑːlvd ɪn"],"вовлеченный в, впутанный в":[207.57,209.536,""],"mind":[210.44799999999998,211.414,"maɪnd"],"возражать, быть против":[212.329,214.187,""],"window shopping":[215.073,216.137,"ˈwɪndoʊ ˈʃɑːpɪŋ"],"рассматривание ветрин":[217.06699999999998,218.527,""],"skiing":[219.38600000000002,220.431,"ˈskiːɪŋ"],"горнолыжный спорт":[221.34300000000002,222.728,""],"reputation [for]":[223.56,224.787,"ˌrepjuˈteɪʃn"],"репутация за":[225.719,226.767,""],"excited about":[227.64,228.636,"əˈbaʊt"],"взволнованный":[229.54600000000002,230.502,""],"proud of":[231.392,232.082,"praʊd əv"],"гордый":[233.004,233.6,""],"hiking":[234.473,235.544,"ˈhaɪkɪŋ"],"пеший туризм":[236.491,237.401,""],"suggest":[238.256,239.483,"səɡˈdʒest"],"involve":[242.14399999999998,243.319,"ɪnˈvɑːlv"],"подразумевать, предполагать":[244.263,246.234,""],"experience [in]":[247.125,248.457,"ɪkˈspɪriəns"],"опыт в":[249.38299999999998,250.17,""],"worried about":[251.10299999999998,252.176,"ˈwɜːrid əˈbaʊt"],"волнующийся о, беспокоящийся о":[253.08700000000002,255.882,""],"regret [for]":[256.75600000000003,257.774,"rɪˈɡret"],"сожаление о, раскаяние за":[258.693,260.893,""],"happy about":[261.78,262.678,"ˈhæpi əˈbaʊt"],"счастливый, довольный, радостный":[263.59,266.159,""],"responsibility [for]":[267.024,268.46,"rɪˌspɑːnsəˈbɪləti"],"ответственность за":[269.409,270.517,""],"recollect":[271.33,272.401,"ˌrekəˈlekt"],"вспоминать, припоминать":[273.308,274.964,""],"process [of]":[275.827,276.898,"ˈprɑːses"],"процесс, ход, течение":[277.841,279.945,""],"cease":[280.883,281.928,"siːs"],"приостанавливать, прекращать":[282.83099999999996,284.801,""],"quit":[285.71200000000005,286.6,"kwɪt"],"переставать, прекращать, бросать":[287.547,290.024,""],"skateboarding":[290.827,292.002,"ˈskeɪtbɔːrdɪŋ"],"скейтбординга":[292.922,294.077,""],"complete":[294.93899999999996,295.931,"kəmˈpliːt"],"заканчивать, завершать":[354.749,356.55,""],"frightened of":[299.568,300.413,"ˈfraɪtnd əv"],"discuss":[304.872,306.125,"dɪˈskʌs"],"обсуждать":[307.08700000000005,307.879,""],"can't stand":[308.762,309.634,"kænt stænd"],"не выносить, не терпеть":[583.4380000000001,585.147,""],"devotion [to]":[313.08500000000004,314.182,"dɪˈvoʊʃn"],"преданность":[315.137,315.973,""],"prefer":[316.877,317.843,"prɪˈfɜːr"],"предпочитать":[318.755,319.692,""],"surfing":[320.413,321.431,"ˈsɜːrfɪŋ"],"серфинг":[322.341,323.257,""],"dislike":[324.16900000000004,325.187,"dɪsˈlaɪk"],"не любить, не нравиться":[326.124,327.827,""],"can't help":[328.711,329.497,"kænt help"],"не избежать, не удержаться":[330.41200000000003,332.485,""],"bowling":[333.318,334.258,"ˈboʊlɪŋ"],"боулинг":[335.164,335.844,""],"advantage [of]":[336.60699999999997,337.756,"ədˈvæntɪdʒ"],"преимущество":[338.722,339.688,""],"scuba diving":[340.57599999999996,341.556,"ˈdaɪvɪŋ"],"подводное плавание с аквалангом":[342.552,344.595,""],"continue":[345.489,346.56,"kənˈtɪnjuː"],"продолжать":[347.518,348.299,""],"interest [in]":[349.082,350.127,"ˈɪntrəst"],"интерес в":[351.036,351.957,""],"finish":[352.806,353.798,"ˈfɪnɪʃ"],"consider":[357.41400000000004,358.432,"kənˈsɪdər"],"рассматривать, обдумывать":[359.35999999999996,361.155,""],"climbing":[361.962,362.954,"ˈklaɪmɪŋ"],"альпинизм":[363.871,364.635,""],"sightseeing":[365.535,366.658,"ˈsaɪtsiːɪŋ"],"осмотр достопримечательностей":[367.58299999999997,369.652,""],"need":[370.47700000000003,371.365,"niːd"],"нуждаться, требоваться":[372.326,374.057,""],"like":[374.926,375.918,"laɪk"],"resist":[379.22999999999996,380.301,"rɪˈzɪst"],"воздержаться":[381.249,382.173,""],"guilty of":[383.06,383.971,"ˈɡɪlti əv"],"виновный в":[384.899,385.843,""],"snorkeling":[386.736,387.608,""],"подводное плавание":[388.522,389.831,""],