{"lines":{"process of":[0.935,1.858,"ˈprɑːses əv"],"процесс, ход, течение":[347.646,349.75,""],"dancing":[5.76,6.752,"ˈdænsɪŋ"],"танцы":[7.672000000000001,8.271,""],"practice":[9.129000000000001,10.226,"ˈpræktɪs"],"практиковаться, упражняться":[11.158000000000001,13.259,""],"camping":[14.126999999999999,15.485,"ˈkæmpɪŋ"],"кемпинг":[16.438000000000002,17.239,""],"snowboarding":[18.143,19.501,"ˈsnoʊbɔːrdɪŋ"],"катание на сноуборде":[20.451,21.907,""],"resent":[22.764999999999997,23.836,"rɪˈzent"],"негодовать, возмущаться":[24.756,26.669,""],"advantage of":[27.552,28.554,"ədˈvæntɪdʒ əv"],"преимущество":[415.627,416.593,""],"mountain climbing":[31.432999999999996,32.556,"ˈmaʊntn ˈklaɪmɪŋ"],"скалолазание":[33.489000000000004,34.484,""],"belief in":[35.399,36.25,"bɪˈliːf ɪn"],"вера в":[116.45100000000001,117.027,""],"habit [of]":[38.632,39.546,"ˈhæbɪt"],"привычка":[658.65,659.391,""],"content with":[42.099,43.11,"ˈkɑːntent wɪð"],"довольный":[44.022999999999996,44.769,""],"appreciate":[45.584,46.759,"əˈpriːʃieɪt"],"ценить, быть благодарным":[47.681,49.568,""],"terrified of":[50.451,51.52,"əv"],"ужасаться, быть в ужасе":[52.480999999999995,54.489,""],"reason for":[55.373000000000005,56.304,"ˈriːzn fər"],"причина для, основание для, повод для":[665.628,668.498,""],"hate":[61.064,61.847,"heɪt"],"не любить, ненавидеть":[62.786,64.491,""],"hunting":[65.38300000000001,66.245,"ˈhʌntɪŋ"],"охота":[67.20100000000001,67.786,""],"shopping":[68.62400000000001,69.59,"ˈʃɑːpɪŋ"],"поход по магазинам":[70.561,71.891,""],"bored of":[72.78500000000001,73.495,"bɔːrd əv"],"скучающий":[74.411,75.392,""],"deny":[76.214,77.232,"dɪˈnaɪ"],"отрицать":[78.14500000000001,78.998,""],"understand":[79.695,81.079,"ˌʌndərˈstænd"],"понимать":[81.988,82.663,""],"kayaking":[83.55499999999999,84.678,"ˈkaɪækɪŋ"],"каякинг":[85.612,86.398,""],"regret for":[87.276,88.169,"rɪˈɡret fər"],"сожаление о, раскаяние за":[324.624,326.824,""],"require":[92.154,93.225,"rɪˈkwaɪər"],"требовать, требоваться, быть необходимым":[94.171,97.034,""],"concerned about":[97.92,98.913,"kənˈsɜːrnd əˈbaʊt"],"озабоченный, взволнованный":[99.851,101.847,""],"propose":[102.709,103.884,"prəˈpoʊz"],"предлагать":[301.98199999999997,302.775,""],"dedicated to":[106.523,107.548,"tuː"],"преданный, посвященный":[108.45,110.247,""],"canoeing":[111.13900000000001,112.105,"kəˈnuːɪŋ"],"гребля":[515.24,515.888,""],"belief [in]":[114.56400000000001,115.53,"bɪˈliːf"],"anxiety about":[117.947,119.081,"æŋˈzaɪəti əˈbaʊt"],"беспокойство о, тревога о, волнение о":[617.4350000000001,620.735,""],"known for":[124.233,125.135,"noʊn fər"],"известный":[126.04599999999999,126.836,""],"delay":[127.74599999999998,128.634,"dɪˈleɪ"],"задерживать":[129.547,130.427,""],"stop":[131.331,132.219,"stɑːp"],"прекращать, заканчивать, завершать":[133.12800000000001,135.86,""],"dedication [to]":[136.76999999999998,137.945,"ˌdedɪˈkeɪʃn"],"преданность, посвященность":[487.788,489.714,""],"responsible for":[141.658,142.926,"rɪˈspɑːnsəbl fər"],"ответственный за":[143.87400000000002,144.907,""],"fond of":[145.811,146.573,"əv"],"любить, нравиться":[462.16200000000003,463.651,""],"capable of":[149.875,150.771,"ˈkeɪpəbl əv"],"способный на":[151.727,152.735,""],"begin":[153.553,154.493,"bɪˈɡɪn"],"начинать":[651.371,652.112,""],"love":[157.03,157.839,"lʌv"],"любить, обожать":[158.75,160.168,""],"skydiving":[161.077,162.304,"ˈskaɪdaɪvɪŋ"],"затяжные прыжки с парашютом":[163.225,165.031,""],"scared of":[165.935,166.851,"skerd əv"],"испуганный, напуганный, бояться":[374.53000000000003,377.194,""],"tired from":[171.359,172.252,"ˈtaɪərd frəm"],"усталый от, утомленный":[173.15800000000002,174.917,""],"story about":[175.87300000000002,176.948,"ˈstɔːri əˈbaʊt"],"история о, рассказ о":[177.867,179.834,""],"reputation for":[180.716,181.976,"ˌrepjuˈteɪʃn fər"],"репутация за":[275.67,276.718,""],"report [on]":[184.823,185.815,"rɪˈpɔːrt"],"доклад на, сообщение на":[452.943,454.978,""],"interested in":[189.674,190.763,"ˈɪntrestɪd ɪn"],"заинтересованный в":[191.679,192.952,""],"interest in":[193.85199999999998,194.89,"ˈɪntrəst ɪn"],"интерес в":[427.942,428.863,""],"delay in":[197.594,198.406,"dɪˈleɪ ɪn"],"задержка в":[216.244,217.139,""],"jogging":[201.02700000000002,202.019,"ˈdʒɑːɡɪŋ"],"бег трусцой":[202.95999999999998,204.087,""],"horseback riding":[204.987,206.262,"ˈraɪdɪŋ"],"верховая езда":[207.228,208.281,""],"enjoy":[209.17000000000002,210.162,"ɪnˈdʒɔɪ"],"получать удовольствие, наслаждаться":[211.08200000000002,213.526,""],"delay [in]":[214.43699999999998,215.325,"dɪˈleɪ"],"recommend":[217.993,219.09,"ˌrekəˈmend"],"рекомендовать, советовать":[220.009,221.904,""],"preference [for]":[222.732,223.907,"ˈprefrəns"],"предпочтение":[248.677,249.668,""],"mention":[226.709,227.701,"ˈmenʃn"],"упоминать":[228.646,229.421,""],"windsurfing":[230.1,231.301,"ˈwɪndsɜːrfɪŋ"],"виндсерфинг":[232.22899999999998,233.267,""],"encourage":[234.116,235.161,"ɪnˈkɜːrɪdʒ"],"поощрять, одобрять":[236.078,237.653,""],"recall":[238.46800000000002,239.513,"rɪˈkɔːl"],"вспоминать, воскрешать":[240.418,242.216,""],"talent [for]":[243.125,244.091,"ˈtælənt"],"талант к":[449.30600000000004,450.165,""],"preference for":[246.751,247.714,"ˈprefrəns fər"],"discouraged by":[250.54999999999998,251.688,"baɪ"],"обескураженный, расхалаженный":[252.639,254.779,""],"involved in":[255.656,256.589,"ɪnˈvɑːlvd ɪn"],"вовлеченный в, впутанный в":[257.521,259.487,""],"mind":[260.39799999999997,261.364,"maɪnd"],"возражать, быть против":[262.28,264.138,""],"window shopping":[265.024,266.088,"ˈwɪndoʊ ˈʃɑːpɪŋ"],"рассматривание ветрин":[267.01800000000003,268.478,""],"skiing":[269.337,270.382,"ˈskiːɪŋ"],"горнолыжный спорт":[271.294,272.679,""],"reputation [for]":[273.511,274.738,"ˌrepjuˈteɪʃn"],"experience in":[277.589,278.794,"ɪkˈspɪriəns ɪn"],"опыт в":[310.92400000000004,311.711,""],"addiction to":[281.39000000000004,282.408,"əˈdɪkʃn tuː"],"пристрасте к":[623.636,624.674,""],"fear of":[285.29,286.024,"fɪr əv"],"страх, боязнь":[600.972,602.337,""],"excited about":[289.182,290.178,"əˈbaʊt"],"взволнованный":[291.08799999999997,292.044,""],"proud of":[292.933,293.623,"praʊd əv"],"гордый":[294.545,295.141,""],"hiking":[296.015,297.086,"ˈhaɪkɪŋ"],"пеший туризм":[298.032,298.942,""],"suggest":[299.798,301.025,"səɡˈdʒest"],"involve":[303.686,304.861,"ɪnˈvɑːlv"],"подразумевать, предполагать":[305.804,307.775,""],"experience [in]":[308.666,309.998,"ɪkˈspɪriəns"],"responsibility for":[312.594,314.044,"rɪˌspɑːnsəˈbɪləti fər"],"ответственность за":[335.34,336.448,""],"worried about":[317.03400000000005,318.107,"ˈwɜːrid əˈbaʊt"],"волнующийся о, беспокоящийся о":[319.018,321.813,""],"regret [for]":[322.68800000000005,323.706,"rɪˈɡret"],"happy about":[327.71099999999996,328.609,"ˈhæpi əˈbaʊt"],"счастливый, довольный, радостный":[329.52099999999996,332.09,""],"responsibility [for]":[332.95500000000004,334.391,"rɪˌspɑːnsəˈbɪləti"],"recollect":[337.26099999999997,338.332,"ˌrekəˈlekt"],"вспоминать, припоминать":[339.239,340.895,""],"reaction to":[341.782,342.83,"riˈækʃn tuː"],"реакция на":[562.766,563.737,""],"process [of]":[345.63199999999995,346.703,"ˈprɑːses"],"cease":[350.688,351.733,"siːs"],"приостанавливать, прекращать":[352.637,354.607,""],"quit":[355.517,356.405,"kwɪt"],"переставать, прекращать, бросать":[357.35200000000003,359.829,""],"skateboarding":[360.632,361.807,"ˈskeɪtbɔːrdɪŋ"],"скейтбординга":[362.72700000000003,363.882,""],"complete":[364.745,365.737,"kəmˈpliːt"],"заканчивать, завершать":[431.65500000000003,433.456,""],"love of":[369.39099999999996,370.104,"lʌv əv"],"любовь к":[662.0029999999999,662.823,""],"frightened of":[372.727,373.572,"ˈfraɪtnd əv"],"discuss":[378.03200000000004,379.285,"dɪˈskʌs"],"обсуждать":[380.247,381.039,""],"can't stand":[381.92199999999997,382.794,"kænt stænd"],"не выносить, не терпеть":[683.772,685.481,""],"devotion [to]":[386.245,387.342,"dɪˈvoʊʃn"],"преданность":[403.896,404.732,""],"prefer":[390.037,391.003,"prɪˈfɜːr"],"предпочитать":[391.91499999999996,392.852,""],"surfing":[393.57300000000004,394.591,"ˈsɜːrfɪŋ"],