{"lines":{"process of":[0.935,1.858,"ˈprɑːses əv"],"процесс, ход, течение":[2.8019999999999996,4.906,""],"dancing":[5.76,6.752,"ˈdænsɪŋ"],"танцы":[7.672000000000001,8.271,""],"practice":[9.129000000000001,10.226,"ˈpræktɪs"],"практиковаться, упражняться":[11.158000000000001,13.259,""],"camping":[14.126999999999999,15.485,"ˈkæmpɪŋ"],"кемпинг":[16.438000000000002,17.239,""],"snowboarding":[18.143,19.501,"ˈsnoʊbɔːrdɪŋ"],"катание на сноуборде":[20.451,21.907,""],"resent":[22.764999999999997,23.836,"rɪˈzent"],"негодовать, возмущаться":[24.756,26.669,""],"advantage of":[27.552,28.554,"ədˈvæntɪdʒ əv"],"преимущество":[29.52,30.486,""],"mountain climbing":[31.432999999999996,32.556,"ˈmaʊntn ˈklaɪmɪŋ"],"скалолазание":[33.489000000000004,34.484,""],"belief in":[35.399,36.25,"bɪˈliːf ɪn"],"вера в":[37.171,37.747,""],"content with":[38.638999999999996,39.65,"ˈkɑːntent wɪð"],"довольный":[40.562999999999995,41.309,""],"appreciate":[42.124,43.299,"əˈpriːʃieɪt"],"ценить, быть благодарным":[44.221,46.108,""],"terrified of":[46.991,48.06,"əv"],"ужасаться, быть в ужасе":[49.021,51.029,""],"reason for":[51.914,52.845,"ˈriːzn fər"],"причина для, основание для, повод для":[53.807,56.677,""],"hate":[57.604,58.387,"heɪt"],"не любить, ненавидеть":[59.326,61.031,""],"hunting":[61.922999999999995,62.785,"ˈhʌntɪŋ"],"охота":[63.74099999999999,64.326,""],"shopping":[65.164,66.13,"ˈʃɑːpɪŋ"],"поход по магазинам":[67.101,68.431,""],"bored of":[69.325,70.035,"bɔːrd əv"],"скучающий":[70.95100000000001,71.932,""],"deny":[72.754,73.772,"dɪˈnaɪ"],"отрицать":[74.685,75.538,""],"understand":[76.235,77.619,"ˌʌndərˈstænd"],"понимать":[78.528,79.203,""],"kayaking":[80.095,81.218,"ˈkaɪækɪŋ"],"каякинг":[82.152,82.938,""],"regret for":[83.817,84.71,"rɪˈɡret fər"],"сожаление о, раскаяние за":[85.628,87.828,""],"require":[88.69500000000001,89.766,"rɪˈkwaɪər"],"требовать, требоваться, быть необходимым":[90.711,93.574,""],"concerned about":[94.46000000000001,95.453,"kənˈsɜːrnd əˈbaʊt"],"озабоченный, взволнованный":[96.391,98.387,""],"propose":[99.24900000000001,100.424,"prəˈpoʊz"],"предлагать":[270.176,270.969,""],"canoeing":[103.066,104.032,"kəˈnuːɪŋ"],"гребля":[453.923,454.571,""],"dedicated to":[106.488,107.513,"tuː"],"преданный, посвященный":[108.416,110.213,""],"anxiety about":[111.133,112.267,"æŋˈzaɪəti əˈbaʊt"],"беспокойство о, тревога о, волнение о":[113.23,116.53,""],"known for":[117.419,118.321,"noʊn fər"],"известный":[119.232,120.022,""],"delay":[120.93299999999999,121.821,"dɪˈleɪ"],"задерживать":[122.733,123.613,""],"stop":[124.517,125.405,"stɑːp"],"прекращать, заканчивать, завершать":[126.315,129.047,""],"responsible for":[129.93,131.198,"rɪˈspɑːnsəbl fər"],"ответственный за":[132.14600000000002,133.179,""],"fond of":[134.083,134.845,"əv"],"любить, нравиться":[400.845,402.334,""],"capable of":[138.14700000000002,139.043,"ˈkeɪpəbl əv"],"способный на":[139.999,141.007,""],"begin":[141.825,142.765,"bɪˈɡɪn"],"начинать":[560.5120000000001,561.253,""],"love":[145.302,146.111,"lʌv"],"любить, обожать":[147.021,148.439,""],"skydiving":[149.349,150.576,"ˈskaɪdaɪvɪŋ"],"затяжные прыжки с парашютом":[151.49699999999999,153.303,""],"scared of":[154.20600000000002,155.122,"skerd əv"],"испуганный, напуганный, бояться":[324.437,327.101,""],"story about":[159.70100000000002,160.776,"ˈstɔːri əˈbaʊt"],"история о, рассказ о":[161.694,163.661,""],"reputation for":[164.544,165.804,"ˌrepjuˈteɪʃn fər"],"репутация за":[166.736,167.784,""],"interest in":[168.684,169.722,"ˈɪntrəst ɪn"],"интерес в":[170.631,171.552,""],"tired from":[172.438,173.331,"ˈtaɪərd frəm"],"усталый от, утомленный":[174.23700000000002,175.996,""],"interested in":[176.89600000000002,177.985,"ˈɪntrestɪd ɪn"],"заинтересованный в":[178.9,180.173,""],"delay in":[181.047,181.859,"dɪˈleɪ ɪn"],"задержка в":[182.778,183.673,""],"jogging":[184.48000000000002,185.472,"ˈdʒɑːɡɪŋ"],"бег трусцой":[186.41299999999998,187.54,""],"horseback riding":[188.439,189.714,"ˈraɪdɪŋ"],"верховая езда":[190.681,191.734,""],"enjoy":[192.62300000000002,193.615,"ɪnˈdʒɔɪ"],"получать удовольствие, наслаждаться":[194.53500000000003,196.979,""],"recommend":[197.834,198.931,"ˌrekəˈmend"],"рекомендовать, советовать":[199.849,201.744,""],"mention":[202.592,203.584,"ˈmenʃn"],"упоминать":[204.529,205.304,""],"windsurfing":[205.983,207.184,"ˈwɪndsɜːrfɪŋ"],"виндсерфинг":[208.112,209.15,""],"encourage":[209.99900000000002,211.044,"ɪnˈkɜːrɪdʒ"],"поощрять, одобрять":[211.96,213.535,""],"recall":[214.35000000000002,215.395,"rɪˈkɔːl"],"вспоминать, воскрешать":[216.3,218.098,""],"preference for":[218.984,219.947,"ˈprefrəns fər"],"предпочтение":[220.91,221.901,""],"discouraged by":[222.783,223.921,"baɪ"],"обескураженный, расхалаженный":[224.871,227.011,""],"involved in":[227.889,228.822,"ɪnˈvɑːlvd ɪn"],"вовлеченный в, впутанный в":[229.753,231.719,""],"mind":[232.631,233.597,"maɪnd"],"возражать, быть против":[234.513,236.371,""],"window shopping":[237.257,238.321,"ˈwɪndoʊ ˈʃɑːpɪŋ"],"рассматривание ветрин":[239.251,240.711,""],"skiing":[241.56900000000002,242.614,"ˈskiːɪŋ"],"горнолыжный спорт":[243.52700000000002,244.912,""],"experience in":[245.78199999999998,246.987,"ɪkˈspɪriəns ɪn"],"опыт в":[247.914,248.701,""],"addiction to":[249.584,250.602,"tuː"],"пристрасте к":[251.559,252.597,""],"fear of":[253.483,254.217,"fɪr əv"],"страх, боязнь":[255.137,256.502,""],"excited about":[257.375,258.371,"əˈbaʊt"],"взволнованный":[259.281,260.237,""],"hiking":[261.111,262.182,"ˈhaɪkɪŋ"],"пеший туризм":[263.128,264.038,""],"proud of":[264.928,265.618,"praʊd əv"],"гордый":[266.54,267.136,""],"suggest":[267.99100000000004,269.218,"səɡˈdʒest"],"involve":[271.87899999999996,273.054,"ɪnˈvɑːlv"],"подразумевать, предполагать":[273.998,275.969,""],"responsibility for":[276.85200000000003,278.302,"rɪˌspɑːnsəˈbɪləti fər"],"ответственность за":[279.251,280.359,""],"worried about":[281.29200000000003,282.365,"ˈwɜːrid əˈbaʊt"],"волнующийся о, беспокоящийся о":[283.276,286.071,""],"happy about":[286.95799999999997,287.856,"ˈhæpi əˈbaʊt"],"счастливый, довольный, радостный":[288.768,291.337,""],"recollect":[292.15,293.221,"ˌrekəˈlekt"],"вспоминать, припоминать":[294.128,295.784,""],"reaction to":[296.671,297.719,"riˈækʃn tuː"],"реакция на":[298.687,299.658,""],"cease":[300.59499999999997,301.64,"siːs"],"приостанавливать, прекращать":[302.544,304.514,""],"quit":[305.42400000000004,306.312,"kwɪt"],"переставать, прекращать, бросать":[307.26000000000005,309.737,""],"skateboarding":[310.539,311.714,"ˈskeɪtbɔːrdɪŋ"],"скейтбординга":[312.634,313.789,""],"complete":[314.652,315.644,"kəmˈpliːt"],"заканчивать, завершать":[370.338,372.139,""],"love of":[319.298,320.011,"lʌv əv"],"любовь к":[498.036,498.856,""],"frightened of":[322.635,323.48,"ˈfraɪtnd əv"],"discuss":[327.939,329.192,"dɪˈskʌs"],"обсуждать":[330.15400000000005,330.946,""],"can't stand":[331.829,332.701,"kænt stænd"],"не выносить, не терпеть":[583.8050000000001,585.514,""],"prefer":[336.222,337.188,"prɪˈfɜːr"],"предпочитать":[338.09999999999997,339.037,""],"surfing":[339.75800000000004,340.776,"ˈsɜːrfɪŋ"],"серфинг":[341.685,342.601,""],"dislike":[343.514,344.532,"dɪsˈlaɪk"],"не любить, не нравиться":[345.46900000000005,347.172,""],"devotion to":[348.054,349.126,"tuː"],"преданность":[350.08099999999996,350.917,""],"can't help":[351.801,352.587,"kænt help"],"не избежать, не удержаться":[353.502,355.575,""],"bowling":[356.409,357.349,"ˈboʊlɪŋ"],"боулинг":[358.254,358.934,""],"scuba diving":[359.823,360.803,"ˈdaɪvɪŋ"],"подводное плавание с аквалангом":[361.798,363.841,""],"continue":[364.736,365.807,"kənˈtɪnjuː"],"продолжать":[366.765,367.546,""],"finish":[368.394,369.386,"ˈfɪnɪʃ"],"consider":[373.00300000000004,374.021,"kənˈsɪdər"],"рассматривать, обдумывать":[374.948,376.743,""],"climbing":[377.551,378.543,"ˈklaɪmɪŋ"],"альпинизм":[379.46,380.224,""],"sightseeing":[381.124,382.247,"ˈsaɪtsiːɪŋ"],"осмотр достопримечательностей":[383.171,385.24,""],"talent for":[386.142,387.074,"ˈtælənt fər"],"талант к":[387.98900000000003,388.848,""],