{"lines":{"process of":[0.935,1.858,"ˈprɑːses əv"],"процесс, ход, течение":[343.759,345.863,""],"dancing":[5.76,6.752,"ˈdænsɪŋ"],"танцы":[7.672000000000001,8.271,""],"practice":[9.129000000000001,10.226,"ˈpræktɪs"],"практиковаться, упражняться":[11.158000000000001,13.259,""],"camping":[14.126999999999999,15.485,"ˈkæmpɪŋ"],"кемпинг":[16.438000000000002,17.239,""],"snowboarding":[18.143,19.501,"ˈsnoʊbɔːrdɪŋ"],"катание на сноуборде":[20.451,21.907,""],"resent":[22.764999999999997,23.836,"rɪˈzent"],"негодовать, возмущаться":[24.756,26.669,""],"advantage of":[27.552,28.554,"ədˈvæntɪdʒ əv"],"преимущество":[411.36899999999997,412.335,""],"mountain climbing":[31.432999999999996,32.556,"ˈmaʊntn ˈklaɪmɪŋ"],"скалолазание":[33.489000000000004,34.484,""],"belief in":[35.399,36.25,"bɪˈliːf ɪn"],"вера в":[115.759,116.335,""],"habit [of]":[38.628,39.231,"ˈhæbɪt"],"привычка":[652.328,653.069,""],"content with":[41.784,42.795,"ˈkɑːntent wɪð"],"довольный":[43.708999999999996,44.455,""],"appreciate":[45.27,46.445,"əˈpriːʃieɪt"],"ценить, быть благодарным":[47.366,49.253,""],"terrified of":[50.135999999999996,51.205,"əv"],"ужасаться, быть в ужасе":[52.166,54.174,""],"reason for":[55.059000000000005,55.99,"ˈriːzn fər"],"причина для, основание для, повод для":[658.832,661.702,""],"hate":[60.748999999999995,61.532,"heɪt"],"не любить, ненавидеть":[62.47200000000001,64.177,""],"hunting":[65.06800000000001,65.93,"ˈhʌntɪŋ"],"охота":[66.887,67.472,""],"shopping":[68.31,69.276,"ˈʃɑːpɪŋ"],"поход по магазинам":[70.247,71.577,""],"bored of":[72.47000000000001,73.18,"bɔːrd əv"],"скучающий":[74.096,75.077,""],"deny":[75.899,76.917,"dɪˈnaɪ"],"отрицать":[77.83000000000001,78.683,""],"understand":[79.38,80.764,"ˌʌndərˈstænd"],"понимать":[81.673,82.348,""],"kayaking":[83.24,84.363,"ˈkaɪækɪŋ"],"каякинг":[85.297,86.083,""],"regret for":[86.962,87.855,"rɪˈɡret fər"],"сожаление о, раскаяние за":[321.35900000000004,323.559,""],"require":[91.84,92.911,"rɪˈkwaɪər"],"требовать, требоваться, быть необходимым":[93.856,96.719,""],"concerned about":[97.605,98.598,"kənˈsɜːrnd əˈbaʊt"],"озабоченный, взволнованный":[99.537,101.533,""],"propose":[102.394,103.569,"prəˈpoʊz"],"предлагать":[299.485,300.278,""],"dedicated to":[106.208,107.233,"tuː"],"преданный, посвященный":[108.13600000000001,109.933,""],"canoeing":[110.82400000000001,111.79,"kəˈnuːɪŋ"],"гребля":[510.78,511.428,""],"belief [in]":[114.253,114.838,"bɪˈliːf"],"anxiety about":[117.255,118.389,"æŋˈzaɪəti əˈbaʊt"],"беспокойство о, тревога о, волнение о":[611.7090000000001,615.009,""],"known for":[123.541,124.443,"noʊn fər"],"известный":[125.354,126.144,""],"delay":[127.05399999999999,127.942,"dɪˈleɪ"],"задерживать":[128.85500000000002,129.735,""],"stop":[130.63899999999998,131.527,"stɑːp"],"прекращать, заканчивать, завершать":[132.436,135.168,""],"dedication [to]":[136.12,136.966,""],"преданность, посвященность":[483.32800000000003,485.254,""],"responsible for":[140.678,141.946,"rɪˈspɑːnsəbl fər"],"ответственный за":[142.895,143.928,""],"fond of":[144.832,145.594,"əv"],"любить, нравиться":[457.702,459.191,""],"capable of":[148.895,149.791,"ˈkeɪpəbl əv"],"способный на":[150.74699999999999,151.755,""],"begin":[152.574,153.514,"bɪˈɡɪn"],"начинать":[645.049,645.79,""],"love":[156.05,156.859,"lʌv"],"любить, обожать":[157.76999999999998,159.188,""],"skydiving":[160.097,161.324,"ˈskaɪdaɪvɪŋ"],"затяжные прыжки с парашютом":[162.24499999999998,164.051,""],"scared of":[164.955,165.871,"skerd əv"],"испуганный, напуганный, бояться":[370.642,373.306,""],"tired from":[170.379,171.272,"ˈtaɪərd frəm"],"усталый от, утомленный":[172.17800000000003,173.937,""],"story about":[174.893,175.968,"ˈstɔːri əˈbaʊt"],"история о, рассказ о":[176.887,178.854,""],"reputation for":[179.73600000000002,180.996,"ˌrepjuˈteɪʃn fər"],"репутация за":[273.173,274.221,""],"report [on]":[183.86100000000002,184.555,"rɪˈpɔːrt"],"доклад на, сообщение на":[448.48299999999995,450.518,""],"interested in":[188.414,189.503,"ˈɪntrestɪd ɪn"],"заинтересованный в":[190.419,191.692,""],"interest in":[192.59199999999998,193.63,"ˈɪntrəst ɪn"],"интерес в":[423.482,424.403,""],"delay in":[196.33399999999997,197.146,"dɪˈleɪ ɪn"],"задержка в":[214.67999999999998,215.575,""],"jogging":[199.767,200.759,"ˈdʒɑːɡɪŋ"],"бег трусцой":[201.7,202.827,""],"horseback riding":[203.727,205.002,"ˈraɪdɪŋ"],"верховая езда":[205.968,207.021,""],"enjoy":[207.91,208.902,"ɪnˈdʒɔɪ"],"получать удовольствие, наслаждаться":[209.822,212.266,""],"delay [in]":[213.167,213.762,"dɪˈleɪ"],"recommend":[216.42999999999998,217.527,"ˌrekəˈmend"],"рекомендовать, советовать":[218.445,220.34,""],"preference [for]":[221.22299999999998,221.956,"ˈprefrəns"],"предпочтение":[246.39999999999998,247.391,""],"mention":[224.758,225.75,"ˈmenʃn"],"упоминать":[226.695,227.47,""],"windsurfing":[228.149,229.35,"ˈwɪndsɜːrfɪŋ"],"виндсерфинг":[230.278,231.316,""],"encourage":[232.16500000000002,233.21,"ɪnˈkɜːrɪdʒ"],"поощрять, одобрять":[234.127,235.702,""],"recall":[236.51700000000002,237.562,"rɪˈkɔːl"],"вспоминать, воскрешать":[238.46699999999998,240.265,""],"talent [for]":[241.153,241.814,"ˈtælənt"],"талант к":[444.846,445.705,""],"preference for":[244.47400000000002,245.437,"ˈprefrəns fər"],"discouraged by":[248.272,249.41,"baɪ"],"обескураженный, расхалаженный":[250.36100000000002,252.501,""],"involved in":[253.37900000000002,254.312,"ɪnˈvɑːlvd ɪn"],"вовлеченный в, впутанный в":[255.243,257.209,""],"mind":[258.121,259.087,"maɪnd"],"возражать, быть против":[260.002,261.86,""],"window shopping":[262.74699999999996,263.811,"ˈwɪndoʊ ˈʃɑːpɪŋ"],"рассматривание ветрин":[264.74,266.2,""],"skiing":[267.05899999999997,268.104,"ˈskiːɪŋ"],"горнолыжный спорт":[269.016,270.401,""],"reputation [for]":[271.305,272.241,"ˌrepjuˈteɪʃn"],"experience in":[275.09200000000004,276.297,"ɪkˈspɪriəns ɪn"],"опыт в":[308.07300000000004,308.86,""],"addiction to":[278.89300000000003,279.911,"tuː"],"пристрасте к":[617.5699999999999,618.608,""],"fear of":[282.79200000000003,283.526,"fɪr əv"],"страх, боязнь":[595.551,596.916,""],"excited about":[286.684,287.68,"əˈbaʊt"],"взволнованный":[288.59,289.546,""],"proud of":[290.436,291.126,"praʊd əv"],"гордый":[292.048,292.644,""],"hiking":[293.517,294.588,"ˈhaɪkɪŋ"],"пеший туризм":[295.53499999999997,296.445,""],"suggest":[297.3,298.527,"səɡˈdʒest"],"involve":[301.188,302.363,"ɪnˈvɑːlv"],"подразумевать, предполагать":[303.307,305.278,""],"experience [in]":[306.231,307.147,"ɪkˈspɪriəns"],"responsibility for":[309.743,311.193,"rɪˌspɑːnsəˈbɪləti fər"],"ответственность за":[331.749,332.857,""],"worried about":[314.183,315.256,"ˈwɜːrid əˈbaʊt"],"волнующийся о, беспокоящийся о":[316.167,318.962,""],"regret [for]":[319.84,320.441,"rɪˈɡret"],"happy about":[324.44599999999997,325.344,"ˈhæpi əˈbaʊt"],"счастливый, довольный, радостный":[326.256,328.825,""],"responsibility [for]":[329.71000000000004,330.8,"rɪˌspɑːnsəˈbɪləti"],"recollect":[333.669,334.74,"ˌrekəˈlekt"],"вспоминать, припоминать":[335.647,337.303,""],"reaction to":[338.191,339.239,"riˈækʃn tuː"],"реакция на":[557.771,558.742,""],"process [of]":[342.066,342.815,"ˈprɑːses"],"cease":[346.8,347.845,"siːs"],"приостанавливать, прекращать":[348.74899999999997,350.719,""],"quit":[351.629,352.517,"kwɪt"],"переставать, прекращать, бросать":[353.46500000000003,355.942,""],"skateboarding":[356.74399999999997,357.919,"ˈskeɪtbɔːrdɪŋ"],"скейтбординга":[358.83900000000006,359.994,""],"complete":[360.85699999999997,361.849,"kəmˈpliːt"],"заканчивать, завершать":[427.195,428.996,""],"love of":[365.503,366.216,"lʌv əv"],"любовь к":[655.559,656.379,""],"frightened of":[368.84,369.685,"ˈfraɪtnd əv"],"discuss":[374.144,375.397,"dɪˈskʌs"],"обсуждать":[376.35900000000004,377.151,""],"can't stand":[378.034,378.906,"kænt stænd"],"не выносить, не терпеть":[676.975,678.684,""],"devotion [to]":[382.4,383.226,""],"преданность":[399.78,400.616,""],"prefer":[385.921,386.887,"prɪˈfɜːr"],"предпочитать":[387.799,388.736,""],"surfing":[389.45700000000005,390.475,"ˈsɜːrfɪŋ"],"серфинг":[391.384,392.3,""],