{"lines":{"put":[3.143,3.952,"pʊt"],"класть":[437.47200000000004,438.151,""],"let":[9.655,10.386,"let"],"позволять":[11.306999999999999,12.059,""],"set":[16.581999999999997,17.522,"set"],"помещать; ставить, установить":[17.95,20.394,""],"spread":[24.583,25.601,"spred"],"распространять":[26.015,27.073,""],"read":[31.312999999999995,32.227,"riːd"],"читать":[32.678,33.303,""],"hit":[37.581,38.338,"hɪt"],"ударить":[38.752,39.417,""],"fit":[43.781,44.564,"fɪt"],"подходить по размеру, приспосабливать":[44.986,47.479,""],"shut":[51.754000000000005,52.59,"ʃʌt"],"закрывать":[53.037,53.787,""],"cut":[57.821999999999996,58.605,"kʌt"],"резать":[59.019,59.619,""],"cost":[64.24300000000001,65.209,"kɔːst"],"стоить":[65.655,66.333,""],"hurt":[70.705,71.488,"hɜːrt"],"причинить боль":[71.90899999999999,72.83,""],"begin":[73.649,74.589,"bɪˈɡɪn"],"began":[75.37,76.388,"bɪˈɡæn"],"begun":[77.119,78.059,"bɪˈɡʌn"],"начинать":[78.473,79.214,""],"sing":[80.077,81.017,"sɪŋ"],"sang":[81.916,82.856,"sæŋ"],"sung":[83.632,84.468,"sʌŋ"],"петь":[84.881,85.34,""],"spring":[86.02600000000001,86.992,"sprɪŋ"],"sprang":[87.81,88.907,"spræŋ"],"sprung":[89.645,90.637,"sprʌŋ"],"вскочить; возникнуть":[91.05099999999999,92.74,""],"drink":[93.655,94.464,"drɪŋk"],"drank":[95.17399999999999,96.062,"dræŋk"],"drunk":[96.983,97.819,"drʌŋk"],"пить":[98.232,98.697,""],"fight":[99.62899999999999,100.517,"faɪt"],"fought":[102.827,103.663,"fɔːt"],"сражаться":[104.092,104.876,""],"find":[105.749,106.689,"faɪnd"],"found":[109.319,110.233,"faʊnd"],"находить":[110.676,111.331,""],"climb":[112.25699999999999,113.249,"klaɪm"],"clumb":[115.641,116.214,""],"карабкаться; взбираться":[116.639,118.399,""],"strike":[119.256,120.327,"straɪk"],"struck":[122.912,123.852,"strʌk"],"ударить; бить; бастовать":[124.32000000000001,126.501,""],"light":[127.40099999999998,128.289,"laɪt"],"lit":[130.632,131.363,"lɪt"],"зажигать; освещать":[131.772,133.451,""],"shoot":[134.364,135.173,"ʃuːt"],"shot":[137.797,138.633,"ʃɑːt"],"стрелять":[139.054,139.809,""],"stand":[140.65699999999998,141.754,"stænd"],"stood":[144.342,145.256,"stʊd"],"стоять":[145.709,146.417,""],"understand":[147.11300000000003,148.497,"ˌʌndərˈstænd"],"understood":[151.05900000000003,152.104,"ˌʌndərˈstʊd"],"понимать":[152.51299999999998,153.188,""],"hang":[154.003,154.969,"hæŋ"],"hung":[157.514,158.454,"hæŋd"],"вешать; висеть":[158.85899999999998,160.296,""],"get":[161.14,161.897,"ɡet"],"got":[164.31300000000002,165.096,"ɡɑːt"],"получать; становиться; добираться":[165.516,168.131,""],"win":[168.792,169.654,"wɪn"],"won":[172.095,172.826,"wʌn"],"выиграть; победить":[173.251,174.691,""],"stick":[175.555,176.573,"stɪk"],"stuck":[179.394,180.386,"stʌk"],"втыкать; укалывать; приклеивать":[180.83700000000002,183.347,""],"wind":[184.157,185.097,"wɪnd"],"wound":[187.812,188.804,"wuːnd"],"заводить механизм; трубить; извиваться":[189.238,192.156,""],"sit":[193.04500000000002,193.828,"sɪt"],"sat":[196.50900000000001,197.449,"sæt"],"сидеть":[197.856,198.547,""],"meet":[199.41,200.272,"miːt"],"met":[202.641,203.503,"met"],"встречать":[203.953,204.737,""],"lead":[205.64700000000002,206.561,"liːd"],"led":[208.98,209.789,"led"],"вести":[210.248,210.905,""],"feed":[211.815,212.624,"fiːd"],"fed":[215.16600000000003,215.949,"fed"],"кормить":[216.358,216.995,""],"speed":[217.74300000000002,218.788,"spiːd"],"sped":[221.41400000000002,222.354,"sped"],"ускорять; спешить; мчатся, проносится":[222.78400000000002,226.235,""],"hold":[227.12,228.034,"hoʊld"],"held":[230.369,231.231,"held"],"держать":[231.67800000000003,232.36,""],"can":[233.215,234.077,"kæn"],"could":[236.681,237.464,"kəd"],"мочь; уметь":[237.881,239.059,""],"tell":[239.97099999999998,240.807,"tel"],"told":[243.31,244.119,"toʊld"],"рассказывать":[244.536,245.431,""],"sell":[246.333,247.273,"sel"],"sold":[249.894,250.912,"soʊld"],"торговать, продавать":[251.327,252.855,""],"shoe":[253.759,254.595,"ʃuː"],"shod":[257.27599999999995,258.138,"ʃɑːd"],"обувать; подковывать":[258.569,260.12,""],"hear":[260.96299999999997,261.746,"hɪr"],"heard":[264.288,265.176,"hɜːrd"],"слышать, услышать":[265.584,267.148,""],"may":[267.981,268.79,"meɪ"],"might":[271.442,272.33,"maɪt"],"мочь; иметь возможность":[272.752,274.593,""],"buy":[275.44899999999996,276.258,"baɪ"],"bought":[278.59999999999997,279.436,"bɔːt"],"купить":[279.887,280.512,""],"catch":[281.37199999999996,282.234,"kætʃ"],"caught":[284.806,285.589,"kɔːt"],"ловить, хватать":[286.013,287.426,""],"lose":[288.32,289.312,"luːz"],"lost":[291.85499999999996,292.847,"lɑːst"],"терять":[293.26599999999996,293.828,""],"think":[294.70799999999997,295.517,"θɪŋk"],"thought":[297.94399999999996,298.78,"θɔːt"],"думать":[299.193,299.792,""],"seek":[300.642,301.634,"siːk"],"sought":[304.17100000000005,305.059,"sɔːt"],"искать":[305.473,306.105,""],"bring":[306.919,307.755,"brɪŋ"],"brought":[310.14599999999996,311.008,"brɔːt"],"приносить":[311.431,312.173,""],"teach":[313.045,313.933,"tiːtʃ"],"taught":[316.29299999999995,317.102,"tɔːt"],"учить, обучать, преподавать":[317.561,319.832,""],"leave":[320.73199999999997,321.541,"liːv"],"left":[324.248,325.11,"left"],"оставить; уйти":[325.532,326.825,""],"feel":[327.77,328.553,"fiːl"],"felt":[331.287,332.149,"felt"],"чувствовать":[332.601,333.398,""],"deal":[334.291,335.1,"diːl"],"dealt":[337.52799999999996,338.364,"delt"],"иметь дело":[338.78900000000004,339.583,""],"mean":[340.464,341.352,"miːn"],"meant":[343.62100000000004,344.535,"ment"],"означать; иметь в виду":[344.95,346.638,""],"lean":[347.515,348.429,"liːn"],"leant":[351.054,351.916,"lent"],"опираться; прислоняться":[352.337,354.178,""],"dream":[355.079,356.045,"driːm"],"dreamt":[358.486,359.065,""],"видеть сны; мечтать":[359.507,361.221,""],"keep":[362.11199999999997,362.948,"kiːp"],"kept":[365.211,366.099,"kept"],"держать; хранить":[366.514,367.994,""],"sleep":[368.895,369.835,"sliːp"],"slept":[372.343,373.257,"slept"],"спать":[373.671,374.271,""],"spend":[375.116,376.187,"spend"],"spent":[378.781,379.773,"spent"],"тратить; проводить время":[380.201,381.923,""],"send":[382.80899999999997,383.854,"send"],"sent":[386.33500000000004,387.223,"sent"],"посылать, присылать, отправлять, отсылать":[387.673,391.124,""],"build":[391.996,392.805,"bɪld"],"built":[395.344,396.18,"bɪlt"],"строить":[396.62600000000003,397.326,""],"have":[398.243,399.079,"həv"],"had":[408.508,409.239,"həd"],"иметь, обладать":[409.678,411.009,""],"has":[405.064,405.952,"həz"],"say":[411.905,412.871,"seɪ"],"said":[415.53200000000004,416.446,"sed"],"сказать":[416.854,417.555,""],"make":[418.44100000000003,419.355,"meɪk"],"made":[421.849,422.789,"meɪd"],"делать; производить; заставлять":[423.207,425.784,""],"pay":[426.644,427.427,"peɪ"],"paid":[429.95700000000005,430.845,"peɪd"],"платить":[431.263,432.001,""],"lay":[544.8969999999999,545.733,"leɪ"],"laid":[436.098,437.064,"leɪd"],"learn":[439.06600000000003,439.954,"lɜːrn"],"learnt":[442.552,443.44,"lɜːrnt"],"изучать, учить; узнавать":[443.885,446.126,""],"burn":[446.976,447.785,"bɜːrn"],"burnt":[450.348,451.184,"bɜːrnt"],"жечь":[451.602,452.161,""],"come":[456.392,457.228,"kʌm"],"came":[454.60900000000004,455.523,"keɪm"],"приходить":[457.637,458.398,""],"become":[462.969,463.883,"bɪˈkʌm"],"became":[461.042,462.034,"bɪˈkeɪm"],"становиться, делаться, превращаться":[464.33299999999997,467.157,""],"run":[471.42999999999995,472.239,"rʌn"],"ran":[469.65599999999995,470.518,"ræn"],"бежать; течь":[472.646,473.861,""],"be":[480.922,481.653,"bi"],"was":[476.43100000000004,477.319,"wəz"],"been":[484.173,485.061,"bɪn"],"быть":[485.432,485.98,""],"were":[482.51,483.319,"wər"],"go":[486.76899999999995,487.631,"ɡoʊ"],"went":[488.456,489.135,"went"],"gone":[489.944,490.832,"ɡɔːn"],"идти":[491.202,491.802,""],"beat":[494.46,495.243,"biːt"],"beaten":[496.181,497.017,"ˈbiːtn"],"бить":[497.42900000000003,497.869,""],"show":[498.69899999999996,499.561,"ʃoʊ"],"showed":[500.435,501.323,"ʃoʊd"],"shown":[502.134,503.022,"ʃoʊn"],"показывать":[503.43,504.199,""],"shape":[505.125,505.961,"ʃeɪp"],