{"lines":{"put":[3.143,3.952,"pʊt"],"класть":[4.859999999999999,5.539,""],"let":[9.655,10.386,"let"],"позволять":[11.306999999999999,12.059,""],"set":[16.581999999999997,17.522,"set"],"помещать ставить установить":[18.432,20.189,""],"read":[24.429,25.343,"riːd"],"читать":[26.293,26.918,""],"begin":[27.737,28.677,"bɪˈɡɪn"],"began":[29.458,30.476,"bɪˈɡæn"],"begun":[31.206999999999997,32.147,"bɪˈɡʌn"],"начинать":[33.061,33.802,""],"find":[34.675000000000004,35.615,"faɪnd"],"found":[38.244,39.158,"faʊnd"],"находить":[40.102,40.757,""],"stand":[41.604,42.701,"stænd"],"stood":[45.289,46.203,"stʊd"],"стоять":[47.156,47.864,""],"understand":[48.561,49.945,"ˌʌndərˈstænd"],"understood":[52.507,53.552,"ˌʌndərˈstʊd"],"понимать":[54.46,55.135,""],"get":[55.980000000000004,56.737,"ɡet"],"got":[59.152,59.935,"ɡɑːt"],"получать становиться добираться":[60.857,62.701,""],"win":[63.36299999999999,64.225,"wɪn"],"won":[66.665,67.396,"wʌn"],"выиграть победить":[68.306,69.553,""],"sit":[70.441,71.224,"sɪt"],"sat":[73.905,74.845,"sæt"],"сидеть":[75.753,76.444,""],"meet":[77.30600000000001,78.168,"miːt"],"met":[80.537,81.399,"met"],"встречать":[82.35,83.134,""],"lead":[84.04299999999999,84.957,"liːd"],"led":[87.376,88.185,"led"],"вести":[89.14500000000001,89.802,""],"hold":[90.687,91.601,"hoʊld"],"held":[93.935,94.797,"held"],"держать":[95.744,96.426,""],"can":[97.28200000000001,98.144,"kæn"],"could":[100.747,101.53,"kəd"],"мочь уметь":[102.46900000000001,103.296,""],"tell":[104.209,105.045,"tel"],"told":[107.547,108.356,"toʊld"],"рассказывать":[109.274,110.169,""],"hear":[111.011,111.794,"hɪr"],"heard":[114.33699999999999,115.225,"hɜːrd"],"слышать услышать":[116.143,117.428,""],"may":[118.261,119.07,"meɪ"],"might":[121.72099999999999,122.609,"maɪt"],"мочь иметь возможность":[123.55,125.106,""],"buy":[125.961,126.77,"baɪ"],"bought":[129.112,129.948,"bɔːt"],"купить":[130.899,131.524,""],"lose":[132.419,133.411,"luːz"],"lost":[135.954,136.946,"lɑːst"],"терять":[137.86499999999998,138.427,""],"think":[139.30700000000002,140.116,"θɪŋk"],"thought":[142.54299999999998,143.379,"θɔːt"],"думать":[144.292,144.891,""],"bring":[145.70499999999998,146.541,"brɪŋ"],"brought":[148.93200000000002,149.794,"brɔːt"],"приносить":[150.716,151.458,""],"leave":[152.358,153.167,"liːv"],"left":[155.874,156.736,"left"],"оставить уйти":[157.70600000000002,158.675,""],"feel":[159.62,160.403,"fiːl"],"felt":[163.137,163.999,"felt"],"чувствовать":[164.951,165.748,""],"mean":[166.629,167.517,"miːn"],"meant":[169.786,170.7,"ment"],"означать иметь в виду":[171.611,172.975,""],"lean":[173.852,174.766,"liːn"],"leant":[177.392,178.254,"lent"],"опираться прислоняться":[179.185,180.695,""],"keep":[181.58599999999998,182.422,"kiːp"],"kept":[184.685,185.573,"kept"],"держать хранить":[186.486,187.547,""],"spend":[188.392,189.463,"spend"],"spent":[192.05700000000002,193.049,"spent"],"тратить проводить":[193.95600000000002,195.067,""],"время":[195.42499999999998,195.999,""],"send":[196.88600000000002,197.931,"send"],"sent":[200.412,201.3,"sent"],"посылать присылать отправлять отсылать":[202.207,204.678,""],"build":[205.55,206.359,"bɪld"],"built":[208.898,209.734,"bɪlt"],"строить":[210.68,211.38,""],"have":[212.297,213.133,"həv"],"had":[222.757,223.488,"həd"],"иметь обладать":[224.4,225.453,""],"has":[219.313,220.201,"həz"],"say":[226.349,227.315,"seɪ"],"said":[229.976,230.89,"sed"],"сказать":[231.797,232.498,""],"make":[233.38500000000002,234.299,"meɪk"],"made":[236.793,237.733,"meɪd"],"делать производить заставлять":[238.66500000000002,240.466,""],"pay":[241.32600000000002,242.109,"peɪ"],"paid":[244.63899999999998,245.527,"peɪd"],"платить":[246.445,247.183,""],"learn":[248.099,248.987,"lɜːrn"],"learnt":[251.584,252.472,"lɜːrnt"],"изучать учить узнавать":[253.421,254.934,""],"come":[259.16499999999996,260.001,"kʌm"],"came":[257.382,258.296,"keɪm"],"приходить":[260.90999999999997,261.671,""],"become":[266.242,267.156,"bɪˈkʌm"],"became":[264.315,265.307,"bɪˈkeɪm"],"становиться делаться превращаться":[268.085,270.143,""],"run":[274.416,275.225,"rʌn"],"ran":[272.642,273.504,"ræn"],"бежать течь":[275.635,276.491,""],"be":[284.052,284.783,"bi"],"was":[279.06,279.948,"wəz"],"been":[287.302,288.19,"bɪn"],"быть":[289.061,289.609,""],"were":[285.63899999999995,286.448,"wər"],"go":[290.39799999999997,291.26,"ɡoʊ"],"went":[292.08500000000004,292.764,"went"],"gone":[293.574,294.462,"ɡɔːn"],"идти":[295.332,295.932,""],"show":[296.762,297.624,"ʃoʊ"],"showed":[298.49800000000005,299.386,"ʃoʊd"],"shown":[300.197,301.085,"ʃoʊn"],"показывать":[301.993,302.762,""],"do":[303.587,304.344,"duː"],"did":[311.70399999999995,312.513,"dɪd"],"done":[313.34999999999997,314.159,"dʌn"],"делать":[315.017,315.67,""],"does":[310.024,310.86,"dʌz"],"give":[316.517,317.353,"ɡɪv"],"gave":[318.087,318.949,"ɡeɪv"],"given":[319.73699999999997,320.573,"ˈɡɪvn"],"дать":[321.469,322.017,""],"write":[322.947,323.861,"raɪt"],"wrote":[324.69500000000005,325.374,"roʊt"],"written":[326.276,327.164,"ˈrɪtn"],"писать":[327.60900000000004,328.182,""],"fall":[329.09799999999996,329.907,"fɔːl"],"fell":[330.868,331.704,"fel"],"fallen":[332.624,333.512,"ˈfɔːlən"],"падать":[334.41999999999996,334.991,""],"see":[335.84,336.78,"siː"],"saw":[337.65500000000003,338.569,"sɔː"],"seen":[339.46,340.4,"siːn"],"смотреть видеть":[341.332,342.46,""],"know":[343.306,344.168,"noʊ"],"knew":[344.896,345.784,"nuː"],"known":[346.669,347.635,"noʊn"],"знать":[348.553,349.085,""],"grow":[349.945,350.807,"ɡroʊ"],"grew":[351.51800000000003,352.406,"ɡruː"],"grown":[353.295,354.261,"ɡroʊn"],"расти":[355.219,355.811,""],"take":[356.703,357.539,"teɪk"],"took":[358.369,359.074,"tʊk"],"taken":[359.774,360.688,"ˈteɪkən"],"брать":[361.56,362.134,""],"speak":[363.034,363.974,"spiːk"],"spoke":[364.758,365.75,"spoʊk"],"spoken":[366.47900000000004,367.576,"ˈspoʊkən"],"говорить":[368.458,369.163,""]},"sound_url":"https://raw.githubusercontent.com/ellsworth-vinson/audio/master/irregular/am/irregular.am.50.mp3","version":"0.0.1"}