{"lines":{"put":[3.197,3.954,"pʊt"],"класть":[447.25500000000005,447.934,""],"let":[9.788,10.571,"let"],"позволять":[11.492999999999999,12.245,""],"set":[16.549000000000003,17.411,"set"],"помещать; ставить, установить":[17.839000000000002,20.283,""],"spread":[25.086,26.104,"spred"],"распространять":[26.518,27.576,""],"read":[32.048,32.936,"riːd"],"читать":[33.387,34.012,""],"hit":[38.178000000000004,38.987,"hɪt"],"ударить":[39.401,40.066,""],"fit":[44.312999999999995,45.044,"fɪt"],"подходить по размеру, приспосабливать":[45.466,47.959,""],"shut":[52.332,53.22,"ʃʌt"],"закрывать":[53.667,54.417,""],"cut":[58.911,59.799,"kʌt"],"резать":[60.211999999999996,60.812,""],"cost":[65.366,66.28,"kɒst"],"стоить":[66.726,67.404,""],"hurt":[71.854,72.794,"hɜːt"],"причинить боль":[73.21499999999999,74.136,""],"begin":[75.059,75.947,"bɪˈɡɪn"],"began":[76.85900000000001,77.799,"bɪˈɡæn"],"begun":[78.623,79.563,"bɪˈɡʌn"],"начинать":[79.977,80.718,""],"sing":[81.544,82.38,"sɪŋ"],"sang":[83.259,84.199,"sæŋ"],"sung":[85.058,85.92,"sʌŋ"],"петь":[86.333,86.792,""],"spring":[87.727,88.693,"sprɪŋ"],"sprang":[89.5,90.597,"spræŋ"],"sprung":[91.512,92.557,"sprʌŋ"],"вскочить; возникнуть":[92.97,94.659,""],"drink":[95.598,96.486,"drɪŋk"],"drank":[97.382,98.296,"dræŋk"],"drunk":[99.225,100.139,"drʌŋk"],"пить":[100.55199999999999,101.017,""],"fight":[101.91499999999999,102.698,"faɪt"],"fought":[105.20400000000001,105.935,"fɔːt"],"сражаться":[106.36399999999999,107.148,""],"find":[108.006,108.815,"faɪnd"],"found":[111.66,112.652,"faʊnd"],"находить":[113.095,113.75,""],"climb":[114.68,115.62,"klaɪm"],"clumb":[117.993,118.579,""],"карабкаться; взбираться":[119.00399999999999,120.764,""],"strike":[121.523,122.541,"straɪk"],"struck":[125.276,126.268,"strʌk"],"ударить; бить; бастовать":[126.736,128.917,""],"light":[129.743,130.579,"laɪt"],"lit":[133.077,133.913,"lɪt"],"зажигать; освещать":[134.322,136.001,""],"shoot":[136.80700000000002,137.721,"ʃuːt"],"shot":[140.425,141.339,"ʃɒt"],"стрелять":[141.76,142.515,""],"stand":[143.407,144.425,"stænd"],"stood":[147.07899999999998,148.045,"stʊd"],"стоять":[148.498,149.206,""],"understand":[150.073,151.326,"ˌʌndəˈstænd"],"understood":[154.148,155.271,"ˌʌndəˈstʊd"],"понимать":[155.67999999999998,156.355,""],"hang":[157.15,158.038,"hæŋ"],"hung":[160.755,161.591,"hæŋd"],"вешать; висеть":[161.99599999999998,163.433,""],"get":[164.329,165.112,"ɡet"],"got":[167.735,168.544,"ɡɒt"],"получать; становиться; добираться":[168.964,171.579,""],"win":[172.458,173.215,"wɪn"],"won":[175.76100000000002,176.544,"wʌn"],"выиграть; победить":[176.969,178.409,""],"stick":[179.311,180.225,"stɪk"],"stuck":[182.969,183.935,"stʌk"],"втыкать; укалывать; приклеивать":[184.38500000000002,186.895,""],"wind":[187.771,188.659,"wɪnd"],"wound":[191.199,192.061,"wuːnd"],"заводить механизм; трубить; извиваться":[192.49599999999998,195.414,""],"sit":[196.189,197.051,"sɪt"],"sat":[199.825,200.791,"sæt"],"сидеть":[201.19899999999998,201.89,""],"meet":[202.728,203.616,"miːt"],"met":[206.32600000000002,207.24,"met"],"встречать":[207.691,208.475,""],"lead":[209.391,210.2,"liːd"],"led":[212.586,213.369,"led"],"вести":[213.82899999999998,214.486,""],"feed":[215.397,216.285,"fiːd"],"fed":[218.8,219.583,"fed"],"кормить":[219.992,220.629,""],"speed":[221.544,222.562,"spiːd"],"sped":[225.279,226.271,"sped"],"ускорять; спешить; мчатся, проносится":[226.701,230.152,""],"hold":[231.045,232.011,"həʊld"],"held":[234.834,235.774,"held"],"держать":[236.221,236.903,""],"can":[237.808,238.539,"kæn"],"could":[240.93900000000002,241.592,"kəd"],"мочь; уметь":[242.00900000000001,243.187,""],"tell":[244.06400000000002,244.847,"tel"],"told":[247.398,248.286,"təʊld"],"рассказывать":[248.703,249.598,""],"sell":[250.512,251.321,"sel"],"sold":[253.94,254.906,"səʊld"],"торговать, продавать":[255.321,256.849,""],"shoe":[257.647,258.483,"ʃuː"],"shod":[260.97900000000004,261.867,"ʃɒd"],"обувать; подковывать":[262.298,263.849,""],"hear":[264.788,265.571,"hɪə(r)"],"heard":[268.404,269.396,"hɜːd"],"слышать, услышать":[269.804,271.368,""],"may":[272.263,273.072,"meɪ"],"might":[275.64,276.632,"maɪt"],"мочь; иметь возможность":[277.054,278.895,""],"buy":[279.82899999999995,280.638,"baɪ"],"bought":[283.10499999999996,283.967,"bɔːt"],"купить":[284.418,285.043,""],"catch":[285.967,286.959,"kætʃ"],"caught":[289.79699999999997,290.763,"kɔːt"],"ловить, хватать":[291.187,292.6,""],"lose":[293.49399999999997,294.356,"luːz"],"lost":[296.985,297.925,"lɒst"],"терять":[298.344,298.906,""],"think":[299.84299999999996,300.705,"θɪŋk"],"thought":[303.529,304.495,"θɔːt"],"думать":[304.908,305.507,""],"seek":[306.368,307.308,"siːk"],"sought":[310.20700000000005,311.225,"sɔːt"],"искать":[311.639,312.271,""],"bring":[313.202,314.011,"brɪŋ"],"brought":[316.635,317.601,"brɔːt"],"приносить":[318.02299999999997,318.765,""],"teach":[319.688,320.654,"tiːtʃ"],"taught":[323.424,324.364,"tɔːt"],"учить, обучать, преподавать":[324.823,327.094,""],"leave":[327.98900000000003,328.877,"liːv"],"left":[331.796,332.841,"left"],"оставить; уйти":[333.263,334.556,""],"feel":[335.373,336.156,"fiːl"],"felt":[338.788,339.624,"felt"],"чувствовать":[340.07599999999996,340.873,""],"deal":[341.78499999999997,342.647,"diːl"],"dealt":[345.421,346.335,"delt"],"иметь дело":[346.76,347.554,""],"mean":[348.35,349.264,"miːn"],"meant":[352.014,352.98,"ment"],"означать; иметь в виду":[353.39500000000004,355.083,""],"lean":[355.98499999999996,356.794,"liːn"],"leant":[359.65299999999996,360.645,"lent"],"опираться; прислоняться":[361.065,362.906,""],"dream":[363.829,364.769,"driːm"],"dreamt":[367.266,367.942,""],"видеть сны; мечтать":[368.384,370.098,""],"keep":[370.924,371.786,"kiːp"],"kept":[374.596,375.51,"kept"],"держать; хранить":[375.92499999999995,377.405,""],"sleep":[378.293,379.233,"sliːp"],"slept":[381.91200000000003,382.93,"slept"],"спать":[383.344,383.944,""],"spend":[384.833,385.851,"spend"],"spent":[388.603,389.648,"spent"],"тратить; проводить время":[390.076,391.798,""],"send":[392.682,393.622,"send"],"sent":[396.40299999999996,397.395,"sent"],"посылать, присылать, отправлять, отсылать":[397.84499999999997,401.296,""],"build":[402.23999999999995,403.049,"bɪld"],"built":[405.743,406.579,"bɪlt"],"строить":[407.02500000000003,407.725,""],"have":[408.64099999999996,409.45,"həv"],"had":[418.558,419.185,"həd"],"иметь, обладать":[419.62399999999997,420.955,""],"has":[415.253,416.062,"həz"],"say":[421.858,422.72,"seɪ"],"said":[425.179,426.041,"sed"],"сказать":[426.44899999999996,427.15,""],"make":[428.034,428.843,"meɪk"],"made":[431.52200000000005,432.41,"meɪd"],"делать; производить; заставлять":[432.827,435.404,""],"pay":[436.296,437.053,"peɪ"],"paid":[439.503,440.339,"peɪd"],"платить":[440.757,441.495,""],"lay":[556.798,557.581,"leɪ"],"laid":[445.906,446.846,"leɪd"],"learn":[448.812,449.648,"lɜːn"],"learnt":[452.389,453.329,"lɜːnt"],"изучать, учить; узнавать":[453.774,456.015,""],"burn":[456.96099999999996,457.823,"bɜːn"],"burnt":[460.629,461.543,"bɜːnt"],"жечь":[461.96099999999996,462.52,""],"come":[466.91999999999996,467.703,"kʌm"],"came":[465.09000000000003,466.004,"keɪm"],"приходить":[468.11199999999997,468.873,""],"become":[473.615,474.555,"bɪˈkʌm"],"became":[471.651,472.696,"bɪˈkeɪm"],"становиться, делаться, превращаться":[475.00399999999996,477.828,""],"run":[482.263,483.099,"rʌn"],"ran":[480.46000000000004,481.374,"ræn"],"бежать; течь":[483.507,484.722,""],"be":[491.497,492.124,"bi"],"was":[487.193,487.924,"wəz"],"been":[494.65299999999996,495.436,"biːn"],"быть":[495.807,496.355,""],"were":[493.014,493.719,"wə(r)"],"go":[497.264,498.021,"ɡəʊ"],"went":[498.956,499.844,"went"],"gone":[500.722,501.479,"ɡɒn"],"идти":[501.849,502.449,""],"beat":[505.029,505.734,"biːt"],"beaten":[506.66299999999995,507.472,"ˈbiːtn"],"бить":[507.884,508.324,""],"show":[509.268,510.313,"ʃəʊ"],"showed":[511.17299999999994,512.165,"ʃəʊd"],"shown":[513.089,514.134,"ʃəʊn"],"показывать":[514.542,515.311,""],"shape":[516.255,517.169,"ʃeɪp"],"shaped":[518.0379999999999,518.978,"ʃeɪpt"],