{"lines":{"put":[3.197,3.954,"pʊt"],"класть":[4.8629999999999995,5.542,""],"let":[9.788,10.571,"let"],"позволять":[11.492999999999999,12.245,""],"set":[16.549000000000003,17.411,"set"],"помещать ставить установить":[18.32,20.077,""],"read":[24.549,25.437,"riːd"],"читать":[26.388,27.013,""],"begin":[27.936,28.824,"bɪˈɡɪn"],"began":[29.735999999999997,30.676,"bɪˈɡæn"],"begun":[31.499999999999996,32.44,"bɪˈɡʌn"],"начинать":[33.354,34.095,""],"find":[34.953,35.762,"faɪnd"],"found":[38.607,39.599,"faʊnd"],"находить":[40.542,41.197,""],"stand":[42.089,43.107,"stænd"],"stood":[45.760999999999996,46.727,"stʊd"],"стоять":[47.68,48.388,""],"understand":[49.255,50.508,"ˌʌndəˈstænd"],"understood":[53.331,54.454,"ˌʌndəˈstʊd"],"понимать":[55.362,56.037,""],"get":[56.933,57.716,"ɡet"],"got":[60.339000000000006,61.148,"ɡɒt"],"получать становиться добираться":[62.07,63.914,""],"win":[64.79299999999999,65.55,"wɪn"],"won":[68.097,68.88,"wʌn"],"выиграть победить":[69.789,71.036,""],"sit":[71.811,72.673,"sɪt"],"sat":[75.44800000000001,76.414,"sæt"],"сидеть":[77.321,78.012,""],"meet":[78.851,79.739,"miːt"],"met":[82.448,83.362,"met"],"встречать":[84.31299999999999,85.097,""],"lead":[86.013,86.822,"liːd"],"led":[89.208,89.991,"led"],"вести":[90.95100000000001,91.608,""],"hold":[92.50200000000001,93.468,"həʊld"],"held":[96.291,97.231,"held"],"держать":[98.17699999999999,98.859,""],"can":[99.76400000000001,100.495,"kæn"],"could":[102.896,103.549,"kəd"],"мочь уметь":[104.488,105.315,""],"tell":[106.191,106.974,"tel"],"told":[109.52499999999999,110.413,"təʊld"],"рассказывать":[111.33,112.225,""],"hear":[113.164,113.947,"hɪə(r)"],"heard":[116.78,117.772,"hɜːd"],"слышать услышать":[118.69,119.975,""],"may":[120.87100000000001,121.68,"meɪ"],"might":[124.247,125.239,"maɪt"],"мочь иметь возможность":[126.179,127.735,""],"buy":[128.67000000000002,129.479,"baɪ"],"bought":[131.945,132.807,"bɔːt"],"купить":[133.759,134.384,""],"lose":[135.27700000000002,136.139,"luːz"],"lost":[138.768,139.708,"lɒst"],"терять":[140.62699999999998,141.189,""],"think":[142.126,142.988,"θɪŋk"],"thought":[145.81199999999998,146.778,"θɔːt"],"думать":[147.691,148.29,""],"bring":[149.22,150.029,"brɪŋ"],"brought":[152.654,153.62,"brɔːt"],"приносить":[154.542,155.284,""],"leave":[156.178,157.066,"liːv"],"left":[159.98600000000002,161.031,"left"],"оставить уйти":[162.001,162.97,""],"feel":[163.787,164.57,"fiːl"],"felt":[167.202,168.038,"felt"],"чувствовать":[168.99,169.787,""],"mean":[170.58300000000003,171.497,"miːn"],"meant":[174.24699999999999,175.213,"ment"],"означать иметь в виду":[176.125,177.489,""],"lean":[178.39000000000001,179.199,"liːn"],"leant":[182.05800000000002,183.05,"lent"],"опираться прислоняться":[183.982,185.492,""],"keep":[186.318,187.18,"kiːp"],"kept":[189.989,190.903,"kept"],"держать хранить":[191.81699999999998,192.878,""],"spend":[193.767,194.785,"spend"],"spent":[197.537,198.582,"spent"],"тратить проводить":[199.489,200.6,""],"время":[200.958,201.532,""],"send":[202.416,203.356,"send"],"sent":[206.137,207.129,"sent"],"посылать присылать отправлять отсылать":[208.036,210.507,""],"build":[211.452,212.261,"bɪld"],"built":[214.95499999999998,215.791,"bɪlt"],"строить":[216.73600000000002,217.436,""],"have":[218.353,219.162,"həv"],"had":[228.464,229.091,"həd"],"иметь обладать":[230.00300000000001,231.056,""],"has":[225.159,225.968,"həz"],"say":[231.96,232.822,"seɪ"],"said":[235.28,236.142,"sed"],"сказать":[237.05,237.751,""],"make":[238.635,239.444,"meɪk"],"made":[242.124,243.012,"meɪd"],"делать производить заставлять":[243.943,245.744,""],"pay":[246.636,247.393,"peɪ"],"paid":[249.843,250.679,"peɪd"],"платить":[251.597,252.335,""],"learn":[253.213,254.049,"lɜːn"],"learnt":[256.791,257.731,"lɜːnt"],"изучать учить узнавать":[258.67900000000003,260.192,""],"come":[264.59299999999996,265.376,"kʌm"],"came":[262.76300000000003,263.677,"keɪm"],"приходить":[266.284,267.045,""],"become":[271.787,272.727,"bɪˈkʌm"],"became":[269.824,270.869,"bɪˈkeɪm"],"становиться делаться превращаться":[273.656,275.714,""],"run":[280.14799999999997,280.984,"rʌn"],"ran":[278.345,279.259,"ræn"],"бежать течь":[281.394,282.25,""],"be":[289.526,290.153,"bi"],"was":[284.721,285.452,"wəz"],"been":[292.681,293.464,"biːn"],"быть":[294.336,294.884,""],"were":[291.043,291.748,"wə(r)"],"go":[295.793,296.55,"ɡəʊ"],"went":[297.48400000000004,298.372,"went"],"gone":[299.25,300.007,"ɡɒn"],"идти":[300.87699999999995,301.477,""],"show":[302.421,303.466,"ʃəʊ"],"showed":[304.32599999999996,305.318,"ʃəʊd"],"shown":[306.24199999999996,307.287,"ʃəʊn"],"показывать":[308.195,308.964,""],"do":[309.89,310.647,"duː"],"did":[318.17400000000004,318.879,"dɪd"],"done":[319.757,320.54,"dʌn"],"делать":[321.39799999999997,322.051,""],"does":[316.371,317.233,"dʌz"],"give":[322.964,323.747,"ɡɪv"],"gave":[324.64500000000004,325.533,"ɡeɪv"],"given":[326.454,327.237,"ˈɡɪvn"],"дать":[328.134,328.682,""],"write":[329.611,330.577,"raɪt"],"wrote":[331.39000000000004,332.408,"rəʊt"],"written":[333.319,334.233,"ˈrɪtn"],"писать":[334.678,335.251,""],"fall":[336.163,336.999,"fɔːl"],"fell":[337.932,338.689,"fel"],"fallen":[339.528,340.416,"ˈfɔːlən"],"падать":[341.32399999999996,341.895,""],"see":[342.69899999999996,343.561,"siː"],"saw":[344.39700000000005,345.285,"sɔː"],"seen":[346.176,347.116,"siːn"],"смотреть видеть":[348.048,349.176,""],"know":[350.13599999999997,350.919,"nəʊ"],"knew":[351.82599999999996,352.635,"njuː"],"known":[353.58099999999996,354.443,"nəʊn"],"знать":[355.361,355.893,""],"grow":[356.828,357.637,"ɡrəʊ"],"grew":[358.582,359.365,"ɡruː"],"grown":[360.302,361.216,"ɡrəʊn"],"расти":[362.17400000000004,362.766,""],"take":[363.674,364.536,"teɪk"],"took":[365.39,366.226,"tʊk"],"taken":[367.064,367.952,"ˈteɪkən"],"брать":[368.823,369.397,""],"speak":[370.307,371.325,"spiːk"],"spoke":[372.245,373.237,"spəʊk"],"spoken":[374.131,375.202,"ˈspəʊkən"],"говорить":[376.084,376.789,""]},"sound_url":"https://raw.githubusercontent.com/ellsworth-vinson/audio/master/irregular/br/irregular.br.50.mp3","version":"0.0.1"}